MEMORY
  total            15.3 MB
  struct          159.1 KB
  buffer          133.0 KB
  arena            15.0 MB, used 0.5%

SIZES
  narena                15728640
  nbuffer               136208
  nplugin               0
  maxuse_stack          19968
  maxuse_arena          74184
  maxuse_con            4
  maxuse_efc            41
  ncon                  3
  ne                    0
  nf                    24
  nl                    2
  nefc                  35
  nJ                    1260
  nA                    0
  nisland               2
  nidof                 36
  threadpool            0

TIMER
    0:  duration =  0.048      number = 1
    1:  duration =  0.046      number = 1
    2:  duration =  0          number = 0
    3:  duration =  0.035      number = 1
    4:  duration =  0.0022     number = 1
    5:  duration =  0.00048    number = 1
    6:  duration =  0.0076     number = 1
    7:  duration =  0.0013     number = 1
    8:  duration =  0.003      number = 1
    9:  duration =  0.0017     number = 1
    10:  duration =  0.025      number = 1
    11:  duration =  0.0047     number = 1
    12:  duration =  0.00026    number = 1
    13:  duration =  0.0035     number = 1
    14:  duration =  0.021      number = 1

SOLVER STAT
  solver_fwdinv =   0         0       
  ISLAND 0
    solver_niter = 1
    solver_nnz = 900
      0:  improvement = -1.5e-19     gradient =  2.1e-16     lineslope =  0       
          nactive = 29   nchange = 0   neval = 2   nupdate = 0

  ISLAND 1
    solver_niter = 1
    solver_nnz = 36
      0:  improvement =  0.0092      gradient =  6.1e-15     lineslope =  1.3e-18 
          nactive = 6   nchange = 0   neval = 2   nupdate = 0

ENERGY =   0         0       

TIME =  14      

QPOS
   0.27    
   0.59    
  -0.083   
   0.63    
   0.32    
   0.56    
  -0.43    
   0.17    
   0.49    
   0.039   
   0.52    
  -2.3e-09 
  -3.8e-10 
   0.038   
   0.52    
   0.25    
   0.26    
   0.038   
   0.52    
   0.26    
   0.26    
   0.52    
   0.039   
   0.52    
   0.016   
   0.023   
   0.41    
   0.41    
   0.21    
   0.41    
   0.41    
   0.4     
   0.4     
   0.042   
   1       
  -0.00016 
   0.00017 
  -6.2e-06 

QVEL
   0.031   
  -0.026   
  -1.4e+02 
   0.0062  
  -0.0022  
  -0.015   
  -9.3e-11 
   3.8e-11 
   4.5e-12 
   1.2e-10 
   4.3e-12 
   4.8e-13 
   7.8e-06 
   9.4e-07 
  -7.9e-05 
   7.9e-05 
   8.1e-06 
  -1.4e-06 
   0.00015 
  -0.00015 
  -3.8e-10 
   1e-11   
  -2.4e-10 
  -2.9e-08 
   2.9e-08 
  -3.8e-10 
   1.6e-10 
   9e-11   
  -5.4e-11 
  -1.2e-11 
   0.0051  
  -0.004   
  -4.8e-05 
   0.028   
   0.036   
   1.8e-05 

QACC_WARMSTART
   2.7e-06 
  -7.8e-06 
  -9.8     
   3.4e-05 
   9.8e-05 
  -4.8e-07 
  -1.2e-10 
   1.9e-09 
  -5.6e-10 
  -1.6e-09 
  -4e-10   
  -9.3e-11 
  -1.1e-08 
  -4e-07   
   8e-07   
  -9.2e-07 
   5.6e-08 
   4.3e-07 
  -1.4e-06 
   1.6e-06 
  -7.2e-10 
   1.2e-09 
  -9.1e-10 
  -3.7e-10 
   9e-11   
   3.9e-10 
  -9.7e-10 
  -3.2e-10 
   1.7e-10 
   3.1e-11 
   0.0074  
  -0.15    
   0.031   
   1       
   0.04    
  -0.00053 

CTRL
   0.52    
   0.52    
   0.41    
   0.41    
   0.41    
   0.41    
   0.41    
   0.039   
   0.52    
   0       
   0.039   
   0.52    
   0.52    
   0.039   
   0.52    
   0.52    
   0.52    
   0.039   
   0.52    
   0.039   

QFRC_APPLIED
   0       
   0       
   0       
   0       
   0       
   0       
   0       
   0       
   0       
   0       
   0       
   0       
   0       
   0       
   0       
   0       
   0       
   0       
   0       
   0       
   0       
   0       
   0       
   0       
   0       
   0       
   0       
   0       
   0       
   0       
   0       
   0       
   0       
   0       
   0       
   0       

XFRC_APPLIED
   0         0         0         0         0         0       
   0         0         0         0         0         0       
   0         0         0         0         0         0       
   0         0         0         0         0         0       
   0         0         0         0         0         0       
   0         0         0         0         0         0       
   0         0         0         0         0         0       
   0         0         0         0         0         0       
   0         0         0         0         0         0       
   0         0         0         0         0         0       
   0         0         0         0         0         0       
   0         0         0         0         0         0       
   0         0         0         0         0         0       
   0         0         0         0         0         0       
   0         0         0         0         0         0       
   0         0         0         0         0         0       
   0         0         0         0         0         0       
   0         0         0         0         0         0       
   0         0         0         0         0         0       
   0         0         0         0         0         0       
   0         0         0         0         0         0       
   0         0         0         0         0         0       
   0         0         0         0         0         0       
   0         0         0         0         0         0       
   0         0         0         0         0         0       
   0         0         0         0         0         0       
   0         0         0         0         0         0       

QACC
   2.7e-06 
  -7.8e-06 
  -9.8     
   3.4e-05 
   9.8e-05 
  -4.8e-07 
  -1.2e-10 
   1.9e-09 
  -5.6e-10 
  -1.6e-09 
  -4e-10   
  -9.3e-11 
  -1.1e-08 
  -4e-07   
   8e-07   
  -9.2e-07 
   5.6e-08 
   4.3e-07 
  -1.4e-06 
   1.6e-06 
  -7.2e-10 
   1.2e-09 
  -9.1e-10 
  -3.7e-10 
   9e-11   
   3.9e-10 
  -9.7e-10 
  -3.2e-10 
   1.7e-10 
   3.1e-11 
   0.0074  
  -0.15    
   0.031   
   1       
   0.04    
  -0.00053 

XPOS
   0         0         0       
   0.27      0.59      0.2     
   0.36      0.4       0.23    
   0.37      0.37      0.23    
   0.36      0.27      0.21    
   0.36      0.27      0.21    
   0.37      0.24      0.17    
   0.38      0.23      0.16    
   0.39      0.27      0.2     
   0.39      0.27      0.2     
   0.39      0.24      0.17    
   0.4       0.23      0.15    
   0.41      0.28      0.2     
   0.41      0.28      0.2     
   0.41      0.25      0.17    
   0.41      0.24      0.15    
   0.41      0.36      0.23    
   0.42      0.3       0.19    
   0.42      0.3       0.19    
   0.41      0.28      0.15    
   0.4       0.27      0.13    
   0.35      0.34      0.22    
   0.35      0.34      0.22    
   0.33      0.31      0.2     
   0.33      0.31      0.2     
   0.33      0.28      0.18    
   0.4       0.4       0.042   

XQUAT
   1         0         0         0       
   0.63      0.32      0.56     -0.43    
   0.77      0.63      0.1       0.086   
   0.59      0.79      0.12      0.059   
   0.59      0.79      0.13      0.075   
   0.37      0.92      0.15      0.038   
   0.37      0.92      0.15      0.038   
   0.37      0.92      0.15      0.038   
   0.59      0.79      0.13      0.074   
   0.37      0.92      0.15      0.038   
   0.25      0.96      0.15      0.019   
   0.12      0.98      0.15     -0.00097 
   0.6       0.8       0.11      0.044   
   0.37      0.92      0.12      0.014   
   0.25      0.96      0.12     -0.00097 
   0.12      0.99      0.12     -0.016   
   0.47      0.83      0.29     -0.085   
   0.47      0.83      0.28     -0.1     
   0.25      0.92      0.25     -0.17    
   0.24      0.92      0.25     -0.17    
   0.23      0.93      0.24     -0.18    
   0.12     -0.27     -0.72      0.63    
   0.064    -0.29     -0.83      0.47    
   0.033    -0.29     -0.88      0.38    
  -0.15     -0.21     -0.86      0.43    
   0.1       0.5      -0.66      0.56    
   1        -0.00019   0.00014  -6.2e-06 

XMAT
   1         0         0         0         1         0         0         0         1       
   0.0038    0.9       0.43     -0.2       0.42     -0.88     -0.98     -0.082     0.18    
   0.96     -0.0038    0.27      0.26      0.2      -0.94     -0.049     0.98      0.19    
   0.96      0.12      0.24      0.26     -0.27     -0.93     -0.049     0.96     -0.29    
   0.95      0.12      0.27      0.3      -0.27     -0.92     -0.038     0.96     -0.29    
   0.95      0.24      0.18      0.3      -0.69     -0.66     -0.038     0.69     -0.73    
   0.95      0.24      0.18      0.3      -0.69     -0.66     -0.038     0.69     -0.73    
   0.95      0.24      0.18      0.3      -0.69     -0.66     -0.038     0.69     -0.73    
   0.95      0.12      0.27      0.3      -0.27     -0.92     -0.038     0.96     -0.29    
   0.95      0.24      0.18      0.3      -0.69     -0.66     -0.038     0.69     -0.73    
   0.95      0.28      0.11      0.3      -0.83     -0.47     -0.038     0.48     -0.88    
   0.95      0.3       0.034     0.3      -0.93     -0.24     -0.038     0.24     -0.97    
   0.97      0.12      0.2       0.23     -0.27     -0.94     -0.06      0.96     -0.29    
   0.97      0.2       0.11      0.23     -0.7      -0.68     -0.06      0.69     -0.72    
   0.97      0.23      0.057     0.23     -0.85     -0.48     -0.06      0.48     -0.88    
   0.97      0.23     -0.0031    0.23     -0.94     -0.25     -0.06      0.24     -0.97    
   0.82      0.56      0.13      0.4      -0.39     -0.83     -0.42      0.73     -0.55    
   0.82      0.56      0.1       0.37     -0.39     -0.84     -0.44      0.73     -0.53    
   0.82      0.54     -0.19      0.37     -0.76     -0.54     -0.44      0.37     -0.82    
   0.82      0.54     -0.2       0.37     -0.77     -0.53     -0.44      0.36     -0.83    
   0.82      0.53     -0.21      0.37     -0.78     -0.51     -0.44      0.34     -0.83    
  -0.83      0.23     -0.51      0.54      0.055    -0.84     -0.17     -0.97     -0.17    
  -0.83      0.42     -0.38      0.54      0.39     -0.75     -0.17     -0.82     -0.55    
  -0.83      0.49     -0.28      0.54      0.54     -0.65     -0.17     -0.69     -0.71    
  -0.87      0.49      0.074     0.23      0.54     -0.81     -0.44     -0.69     -0.58    
  -0.49     -0.77      0.42     -0.54     -0.12     -0.84      0.69     -0.63     -0.35    
   1         1.2e-05   0.00028  -1.2e-05   1         0.00037  -0.00028  -0.00037   1       

XIPOS
   0         0         0       
   0.31      0.51      0.21    
   0.37      0.37      0.23    
   0.38      0.34      0.22    
   0.36      0.27      0.21    
   0.37      0.26      0.19    
   0.37      0.23      0.17    
   0.38      0.22      0.15    
   0.39      0.27      0.2     
   0.39      0.26      0.19    
   0.39      0.24      0.16    
   0.4       0.23      0.14    
   0.41      0.28      0.2     
   0.41      0.27      0.19    
   0.41      0.25      0.16    
   0.41      0.24      0.14    
   0.41      0.33      0.2     
   0.42      0.3       0.19    
   0.41      0.29      0.17    
   0.41      0.27      0.14    
   0.4       0.26      0.12    
   0.35      0.34      0.22    
   0.34      0.32      0.21    
   0.33      0.31      0.2     
   0.33      0.29      0.19    
   0.34      0.27      0.17    
   0.4       0.4       0.0067  

XIMAT
   1         0         0         0         1         0         0         0         1       
   0.0038    0.9       0.43     -0.2       0.42     -0.88     -0.98     -0.082     0.18    
  -0.0038    0.27      0.96      0.2      -0.94      0.26      0.98      0.19     -0.049   
   0.12     -0.96      0.24     -0.27     -0.26     -0.93      0.96      0.049    -0.29    
   0.27     -0.95     -0.12     -0.92     -0.3       0.27     -0.29      0.038    -0.96    
   0.24     -0.95      0.18     -0.69     -0.3      -0.66      0.69      0.038    -0.73    
   0.24     -0.95      0.18     -0.69     -0.3      -0.66      0.69      0.038    -0.73    
   0.24     -0.95      0.18     -0.69     -0.3      -0.66      0.69      0.038    -0.73    
   0.27     -0.95     -0.12     -0.92     -0.3       0.27     -0.29      0.038    -0.96    
   0.24     -0.95      0.18     -0.69     -0.3      -0.66      0.69      0.038    -0.73    
   0.28     -0.95      0.11     -0.83     -0.3      -0.47      0.48      0.038    -0.88    
   0.3      -0.95      0.034    -0.93     -0.3      -0.24      0.24      0.038    -0.97    
   0.2      -0.97     -0.12     -0.94     -0.23      0.27     -0.29      0.06     -0.96    
   0.2      -0.97      0.11     -0.7      -0.23     -0.68      0.69      0.06     -0.72    
   0.23     -0.97      0.057    -0.85     -0.23     -0.48      0.48      0.06     -0.88    
   0.23     -0.97     -0.0031   -0.94     -0.23     -0.25      0.24      0.06     -0.97    
   0.56     -0.82      0.13     -0.39     -0.4      -0.83      0.73      0.42     -0.55    
   0.1      -0.82     -0.56     -0.84     -0.37      0.39     -0.53      0.44     -0.73    
   0.54     -0.82     -0.19     -0.76     -0.37     -0.54      0.37      0.44     -0.82    
   0.54     -0.82     -0.2      -0.77     -0.37     -0.53      0.36      0.44     -0.83    
   0.53     -0.82     -0.21     -0.78     -0.37     -0.51      0.34      0.44     -0.83    
  -0.83      0.23     -0.51      0.54      0.055    -0.84     -0.17     -0.97     -0.17    
  -0.83      0.42     -0.38      0.54      0.39     -0.75     -0.17     -0.82     -0.55    
  -0.83      0.49     -0.28      0.54      0.54     -0.65     -0.17     -0.69     -0.71    
  -0.87      0.49      0.074     0.23      0.54     -0.81     -0.44     -0.69     -0.58    
  -0.77      0.49      0.42     -0.12      0.54     -0.84     -0.63     -0.69     -0.35    
  -0.11     -0.99      0.00042   0.99     -0.11      0.00051  -0.00046   0.00047   1       

XANCHOR
   0.27      0.59      0.2     
   0.36      0.4       0.23    
   0.37      0.37      0.23    
   0.36      0.27      0.21    
   0.36      0.27      0.21    
   0.37      0.24      0.17    
   0.38      0.23      0.16    
   0.39      0.27      0.2     
   0.39      0.27      0.2     
   0.39      0.24      0.17    
   0.4       0.23      0.15    
   0.41      0.28      0.2     
   0.41      0.28      0.2     
   0.41      0.25      0.17    
   0.41      0.24      0.15    
   0.41      0.36      0.23    
   0.42      0.3       0.19    
   0.42      0.3       0.19    
   0.41      0.28      0.15    
   0.4       0.27      0.13    
   0.35      0.34      0.22    
   0.35      0.34      0.22    
   0.33      0.31      0.2     
   0.33      0.31      0.2     
   0.33      0.28      0.18    
   0.4       0.4       0.042   

XAXIS
   0         0         1       
   0.0038   -0.2      -0.98    
   0.96      0.26     -0.049   
   0.12     -0.27      0.96    
   0.95      0.3      -0.038   
   0.95      0.3      -0.038   
   0.95      0.3      -0.038   
   0.12     -0.27      0.96    
   0.95      0.3      -0.038   
   0.95      0.3      -0.038   
   0.95      0.3      -0.038   
  -0.12      0.27     -0.96    
   0.97      0.23     -0.06    
   0.97      0.23     -0.06    
   0.97      0.23     -0.06    
   0.36      0.91      0.21    
  -0.56      0.39     -0.73    
   0.82      0.37     -0.44    
   0.82      0.37     -0.44    
   0.82      0.37     -0.44    
  -0.51     -0.84     -0.17    
   0.83     -0.54      0.17    
   0.83     -0.54      0.17    
  -0.49     -0.54      0.69    
  -0.49     -0.54      0.69    
   0         0         1       

GEOM_XPOS
   0         0        -0.1     
   0.27      0.59      0.2     
   0.32      0.5       0.22    
   0.31      0.51      0.21    
   0.35      0.43      0.22    
   0.37      0.39      0.23    
   0.36      0.4       0.23    
   0.4       0.38      0.23    
   0.34      0.36      0.23    
   0.39      0.4       0.23    
   0.34      0.38      0.23    
   0.37      0.34      0.22    
   0.37      0.33      0.23    
   0.38      0.34      0.22    
   0.36      0.29      0.21    
   0.36      0.3       0.21    
   0.34      0.36      0.23    
   0.36      0.37      0.22    
   0.38      0.28      0.21    
   0.4       0.37      0.23    
   0.36      0.27      0.21    
   0.36      0.27      0.21    
   0.37      0.26      0.19    
   0.37      0.26      0.19    
   0.37      0.23      0.17    
   0.37      0.23      0.17    
   0.38      0.21      0.14    
   0.38      0.21      0.14    
   0.39      0.27      0.2     
   0.39      0.27      0.2     
   0.39      0.26      0.19    
   0.39      0.26      0.19    
   0.39      0.24      0.16    
   0.39      0.24      0.16    
   0.4       0.23      0.13    
   0.4       0.23      0.13    
   0.41      0.28      0.2     
   0.41      0.28      0.2     
   0.41      0.27      0.19    
   0.41      0.27      0.19    
   0.41      0.25      0.16    
   0.41      0.25      0.16    
   0.41      0.24      0.13    
   0.41      0.24      0.13    
   0.41      0.33      0.21    
   0.41      0.33      0.21    
   0.42      0.3       0.19    
   0.42      0.3       0.19    
   0.41      0.29      0.17    
   0.41      0.29      0.17    
   0.41      0.27      0.14    
   0.41      0.27      0.14    
   0.4       0.26      0.12    
   0.4       0.26      0.12    
   0.35      0.34      0.22    
   0.34      0.32      0.21    
   0.34      0.32      0.21    
   0.33      0.31      0.2     
   0.33      0.29      0.19    
   0.33      0.3       0.19    
   0.33      0.28      0.18    
   0.34      0.26      0.17    
   0.34      0.26      0.17    
   0.4       0.4       0.0067  

GEOM_XMAT
   1         0         0         0         1         0         0         0         1       
   0.43     -0.9      -0.012    -0.88     -0.42     -0.21      0.18      0.099    -0.98    
   0.9       0.0088    0.43      0.42      0.16     -0.89     -0.076     0.99      0.14    
   0.0038    0.9       0.43     -0.2       0.42     -0.88     -0.98     -0.082     0.18    
   0.0038   -0.34     -0.94     -0.2      -0.92      0.33     -0.98      0.19     -0.071   
  -0.0035    0.28      0.96      0.2      -0.94      0.28      0.98      0.19     -0.052   
  -0.27      0.96      0.0038    0.94      0.26     -0.2      -0.19     -0.049    -0.98    
  -0.27     -0.0038    0.96      0.94      0.2       0.26     -0.19      0.98     -0.049   
  -0.27     -0.0038    0.96      0.94      0.2       0.26     -0.19      0.98     -0.049   
   0.87     -0.0038   -0.49     -0.48      0.2      -0.85      0.1       0.98      0.17    
   0.49     -0.0038    0.87      0.85      0.2      -0.48     -0.17      0.98      0.1     
   0.082    -1         0.037    -0.2      -0.053    -0.98      0.98      0.073    -0.2     
   0.96      0.12      0.24      0.26     -0.27     -0.93     -0.049     0.96     -0.29    
   0.96      0.12      0.24      0.26     -0.27     -0.93     -0.049     0.96     -0.29    
   0.96      0.12      0.24      0.26     -0.27     -0.93     -0.049     0.96     -0.29    
   0.89      0.4       0.21      0.36     -0.37     -0.86     -0.27      0.84     -0.47    
   0.96      0.12      0.24      0.26     -0.27     -0.93     -0.049     0.96     -0.29    
   0.91     -0.34      0.24      0.11     -0.36     -0.93      0.4       0.87     -0.29    
   0.96      0.12      0.24      0.26     -0.27     -0.93     -0.049     0.96     -0.29    
   0.96      0.12      0.24      0.26     -0.27     -0.93     -0.049     0.96     -0.29    
   0.95      0.23      0.19      0.3      -0.66     -0.69     -0.038     0.72     -0.7     
  -0.27      0.12      0.95      0.92     -0.27      0.3       0.29      0.96     -0.038   
   0.24     -0.95      0.18     -0.68     -0.3      -0.67      0.69      0.038    -0.72    
   0.95      0.24      0.18      0.3      -0.69     -0.66     -0.038     0.69     -0.73    
   0.24     -0.95      0.18     -0.69     -0.3      -0.66      0.69      0.038    -0.73    
   0.95      0.24      0.18      0.3      -0.69     -0.66     -0.038     0.69     -0.73    
   0.24     -0.95      0.18     -0.69     -0.3      -0.66      0.69      0.038    -0.73    
   0.24     -0.95      0.18     -0.69     -0.3      -0.66      0.69      0.038    -0.73    
   0.95      0.23      0.19      0.3      -0.66     -0.69     -0.038     0.72     -0.7     
  -0.27      0.12      0.95      0.92     -0.27      0.3       0.29      0.96     -0.038   
   0.24     -0.95      0.18     -0.68     -0.3      -0.67      0.69      0.038    -0.72    
   0.95      0.24      0.18      0.3      -0.69     -0.66     -0.038     0.69     -0.73    
   0.28     -0.95      0.11     -0.83     -0.3      -0.47      0.48      0.038    -0.88    
   0.95      0.28      0.11      0.3      -0.83     -0.47     -0.038     0.48     -0.88    
   0.3      -0.95      0.034    -0.93     -0.3      -0.24      0.24      0.038    -0.97    
   0.3      -0.95      0.034    -0.93     -0.3      -0.24      0.24      0.038    -0.97    
   0.97      0.2       0.12      0.23     -0.67     -0.71     -0.06      0.72     -0.69    
  -0.2       0.12      0.97      0.94     -0.27      0.23      0.29      0.96     -0.06    
   0.2      -0.97      0.12     -0.69     -0.23     -0.69      0.7       0.06     -0.72    
   0.97      0.2       0.11      0.23     -0.7      -0.68     -0.06      0.69     -0.72    
   0.23     -0.97      0.057    -0.85     -0.23     -0.48      0.48      0.06     -0.88    
   0.97      0.23      0.057     0.23     -0.85     -0.48     -0.06      0.48     -0.88    
   0.23     -0.97     -0.0031   -0.94     -0.23     -0.25      0.24      0.06     -0.97    
   0.23     -0.97     -0.0031   -0.94     -0.23     -0.25      0.24      0.06     -0.97    
   0.54     -0.77      0.34     -0.37     -0.58     -0.73      0.76      0.27     -0.59    
   0.82      0.56      0.13      0.4      -0.39     -0.83     -0.42      0.73     -0.55    
   0.82      0.55     -0.17      0.37     -0.73     -0.57     -0.44      0.4      -0.8     
  -0.1       0.56      0.82      0.84     -0.39      0.37      0.53      0.73     -0.44    
   0.54     -0.82     -0.19     -0.75     -0.37     -0.55      0.38      0.44     -0.82    
   0.82      0.54     -0.19      0.37     -0.76     -0.54     -0.44      0.37     -0.82    
   0.54     -0.82     -0.2      -0.77     -0.37     -0.53      0.36      0.44     -0.83    
   0.82      0.54     -0.2       0.37     -0.77     -0.53     -0.44      0.36     -0.83    
   0.53     -0.82     -0.21     -0.78     -0.37     -0.51      0.34      0.44     -0.83    
   0.53     -0.82     -0.21     -0.78     -0.37     -0.51      0.34      0.44     -0.83    
  -0.83      0.23     -0.51      0.54      0.055    -0.84     -0.17     -0.97     -0.17    
  -0.83      0.42     -0.38      0.54      0.39     -0.75     -0.17     -0.82     -0.55    
  -0.83      0.42     -0.38      0.54      0.39     -0.75     -0.17     -0.82     -0.55    
  -0.83      0.49     -0.28      0.54      0.54     -0.65     -0.17     -0.69     -0.71    
  -0.87      0.49      0.075     0.23      0.54     -0.81     -0.44     -0.69     -0.58    
  -0.87      0.49      0.074     0.23      0.54     -0.81     -0.44     -0.69     -0.58    
  -0.87      0.49      0.074     0.23      0.54     -0.81     -0.44     -0.69     -0.58    
  -0.77      0.49      0.42     -0.12      0.54     -0.84     -0.63     -0.69     -0.35    
  -0.77      0.49      0.42     -0.12      0.54     -0.84     -0.63     -0.69     -0.35    
  -0.11     -0.99      0.00042   0.99     -0.11      0.00051  -0.00046   0.00047   1       

LIGHT_XPOS
   0         0         1       
   0.3       0         1.5     

LIGHT_XDIR
   0         0        -1       
   0         0        -1       

SUBTREE_COM
   0.34      0.46      0.17    
   0.33      0.47      0.21    
   0.38      0.31      0.2     
   0.38      0.3       0.2     
   0.37      0.25      0.18    
   0.37      0.24      0.17    
   0.38      0.23      0.16    
   0.38      0.22      0.15    
   0.39      0.25      0.17    
   0.39      0.25      0.17    
   0.4       0.23      0.15    
   0.4       0.23      0.14    
   0.41      0.26      0.17    
   0.41      0.26      0.17    
   0.41      0.24      0.15    
   0.41      0.24      0.14    
   0.41      0.3       0.17    
   0.41      0.28      0.16    
   0.41      0.28      0.15    
   0.4       0.27      0.13    
   0.4       0.26      0.12    
   0.34      0.31      0.2     
   0.34      0.3       0.19    
   0.34      0.29      0.18    
   0.34      0.28      0.18    
   0.34      0.27      0.17    
   0.4       0.4       0.0067  

CDOF
   0         0         0         1         0         0       
   0         0         0         0         1         0       
   0         0         0         0         0         1       
   0.0038   -0.2      -0.98     -0.12     -0.052     0.01    
   0.9       0.42     -0.082    -0.0041   -0.017    -0.13    
   0.43     -0.88      0.18      0.0098    0.0037   -0.0051  
   0.0038   -0.2      -0.98      0.07      0.037    -0.0073  
   0.96      0.26     -0.049    -0.00063   0.023     0.11    
   0.12     -0.27      0.96     -0.19     -0.037     0.014   
   0.95      0.3      -0.038     0.0088   -0.0028    0.2     
   0.95      0.3      -0.038     0.02     -0.034     0.23    
   0.95      0.3      -0.038     0.026    -0.051     0.25    
   0.12     -0.27      0.96     -0.19     -0.058     0.0077  
   0.95      0.3      -0.038     0.0095   -0.0041    0.2     
   0.95      0.3      -0.038     0.02     -0.035     0.24    
   0.95      0.3      -0.038     0.027    -0.056     0.25    
  -0.12      0.27     -0.96      0.18      0.077    -0.0011  
   0.97      0.23     -0.06      0.013    -0.0016    0.2     
   0.97      0.23     -0.06      0.022    -0.033     0.23    
   0.97      0.23     -0.06      0.028    -0.054     0.24    
   0.36      0.91      0.21     -0.036    -0.013     0.12    
  -0.56      0.39     -0.73      0.13      0.08     -0.057   
   0.82      0.37     -0.44      0.081     0.022     0.17    
   0.82      0.37     -0.44      0.1      -0.012     0.19    
   0.82      0.37     -0.44      0.12     -0.031     0.2     
  -0.51     -0.84     -0.17      0.028     8.4e-05  -0.086   
   0.83     -0.54      0.17     -0.019     0.002     0.1     
   0.83     -0.54      0.17     -0.035    -0.013     0.13    
  -0.49     -0.54      0.69     -0.12      0.0029   -0.083   
  -0.49     -0.54      0.69     -0.15      0.01     -0.097   
   0         0         0         1         0         0       
   0         0         0         0         1         0       
   0         0         0         0         0         1       
   1        -1.2e-05  -0.00028   4.5e-07   0.036     1.2e-05 
   1.2e-05   1        -0.00037  -0.036     4.4e-07   5.2e-06 
   0.00028   0.00037   1        -2.5e-05   4.5e-06   5.1e-09 

CINERT
   0         0         0         0         0         0         0         0         0         0       
   0.018     0.0095    0.02      0.0043   -0.00039   0.00072  -0.044     0.13      0.0072    3       
   0.001     0.0003    0.0012    0.00044  -9.4e-05   0.0002    0.0046   -0.0096    0.002     0.1     
   0.0057    0.0012    0.0068    0.0022   -0.00016   0.00036   0.017    -0.04      0.0034    0.3     
   0.00031   1.2e-05   0.00032   6e-05     1.3e-06  -7e-06     0.0003   -0.0016   -3.6e-05   0.008   
   0.0014    7.2e-05   0.0014    0.00027   2.7e-05  -0.00014   0.0013   -0.0064   -0.00062   0.03    
   0.00098   7.8e-05   0.00099   0.00019   3.8e-05  -0.00019   0.00082  -0.004    -0.00079   0.017   
   0.00089   9.2e-05   0.00087   0.00017   4.4e-05  -0.00021   0.00068  -0.0033   -0.00084   0.013   
   0.00031   2.9e-05   0.00033   9.4e-05   3.2e-06  -1e-05     0.00048  -0.0016   -5.4e-05   0.008   
   0.0014    0.00014   0.0015    0.0004    4.5e-05  -0.00015   0.0019   -0.0063   -0.00069   0.03    
   0.00096   0.00013   0.00099   0.00027   6e-05    -0.0002    0.0012   -0.0039   -0.00086   0.017   
   0.00082   0.00014   0.00082   0.00022   6.8e-05  -0.00023   0.00092  -0.0031   -0.00096   0.013   
   0.00028   5.2e-05   0.00033   0.00012   4.3e-06  -9.9e-06   0.00064  -0.0015   -5.3e-05   0.008   
   0.0012    0.00023   0.0014    0.0005    5.8e-05  -0.00014   0.0025   -0.006    -0.00069   0.03    
   0.00089   0.00017   0.00097   0.00033   7.3e-05  -0.00019   0.0015   -0.0038   -0.00085   0.017   
   0.00077   0.00017   0.0008    0.00026   8.3e-05  -0.00022   0.0011   -0.003    -0.00096   0.013   
   0.00064   0.00025   0.00088   0.00039   2.3e-05  -4e-05     0.0027   -0.0043   -0.00024   0.03    
   0.00022   7.3e-05   0.00029   0.00012   1.6e-05  -2.9e-05   0.00074  -0.0013   -0.00018   0.008   
   0.001     0.00029   0.0012    0.00047   0.00011  -0.00022   0.0026   -0.0053   -0.0012    0.03    
   0.00074   0.0002    0.00077   0.00027   9.6e-05  -0.00023   0.0014   -0.0033   -0.0012    0.017   
   0.00068   0.00018   0.00065   0.00021   8.9e-05  -0.00025   0.00099  -0.0027   -0.0012    0.013   
   0.00018   4.7e-06   0.00018   2.7e-05  -1.3e-06   8.8e-06   0.0002   -0.0013    6.5e-05   0.01    
   0.0009    1.5e-05   0.0009    7.4e-05  -1.4e-07  -2.7e-05   0.00052  -0.0059   -0.00016   0.04    
   0.00013   1.9e-06   0.00013   4.6e-06   2.8e-07  -1.2e-05   2.9e-05  -0.00081  -7.1e-05   0.005   
   0.00063   1.5e-05   0.00062   2.5e-05   3.5e-06  -8.5e-05   0.00014  -0.0035   -0.00047   0.02    
   0.00071   2.9e-05   0.00069   4.9e-05   9.5e-06  -0.00013   0.00024  -0.0034   -0.00065   0.017   
   0.0048    0.0048    0.0007   -5.4e-08  -1.7e-06  -2.1e-06   5.7e-17   0         0         1       

TEN_LENGTH
  -2.7e-09 
   0.52    
   0.52    
   0.039   

TEN_MOMENT
   0         0         0         0         0         0         0         0         0         0         1         1         0         0         0         0         0         0         0         0         0         0         0         0         0         0         0         0         0         0         0         0         0         0         0         0       
   0         0         0         0         0         0         0         0         0         0         0         0         0         0         1         1         0         0         0         0         0         0         0         0         0         0         0         0         0         0         0         0         0         0         0         0       
   0         0         0         0         0         0         0         0         0         0         0         0         0         0         0         0         0         0         1         1         0         0         0         0         0         0         0         0         0         0         0         0         0         0         0         0       
   0         0         0         0         0         0         0         0         0         0         0         0         0         0         0         0         0         0         0         0         0         0         0         1         1         0         0         0         0         0         0         0         0         0         0         0       

TENDON 0: 0 wrap points

TENDON 1: 0 wrap points

TENDON 2: 0 wrap points

TENDON 3: 0 wrap points

ACTUATOR_LENGTH
   0.17    
   0.49    
   0.41    
   0.41    
   0.21    
   0.41    
   0.41    
   0.039   
   0.52    
  -2.7e-09 
   0.038   
   0.52    
   0.52    
   0.038   
   0.52    
   0.52    
   0.52    
   0.039   
   0.52    
   0.039   

actuator_moment
--------------------------------------
       x                              |
        x                             |
                          x           |
                           x          |
                            x         |
                             x        |
                              x       |
         x                            |
          x                           |
           xx                         |
             x                        |
              x                       |
               xx                     |
                 x                    |
                  x                   |
                   xx                 |
                     x                |
                      x               |
                       x              |
                        xx            |
--------------------------------------

ACTUATOR_MOMENT
     6:  1       
     7:  1       
    25:  1       
    26:  1       
    27:  1       
    28:  1       
    29:  1       
     8:  1       
     9:  1       
    10:  1         11:  1       
    12:  1       
    13:  1       
    14:  1         15:  1       
    16:  1       
    17:  1       
    18:  1         19:  1       
    20:  1       
    21:  1       
    22:  1       
    23:  1         24:  1       

CRB
   0         0         0         0         0         0         0         0         0         0       
   0.041     0.013     0.045     0.011     0.00021  -0.0014    1.4e-17  -1.1e-16   7.1e-17   3.8     
   0.023     0.0039    0.025     0.0072    0.0006   -0.0021    0.044    -0.13     -0.0072    0.79    
   0.022     0.0036    0.024     0.0068    0.00069  -0.0024    0.039    -0.12     -0.0093    0.69    
   0.0036    0.00025   0.0036    0.00069   0.00011  -0.00054   0.0031   -0.015    -0.0023    0.068   
   0.0032    0.00024   0.0033    0.00063   0.00011  -0.00054   0.0028   -0.014    -0.0023    0.06    
   0.0019    0.00017   0.0019    0.00037   8.2e-05  -0.0004    0.0015   -0.0073   -0.0016    0.03    
   0.00089   9.2e-05   0.00087   0.00017   4.4e-05  -0.00021   0.00068  -0.0033   -0.00084   0.013   
   0.0034    0.00044   0.0036    0.00099   0.00018  -0.00059   0.0045   -0.015    -0.0026    0.068   
   0.0031    0.00041   0.0033    0.0009    0.00017  -0.00058   0.004    -0.013    -0.0025    0.06    
   0.0018    0.00027   0.0018    0.00049   0.00013  -0.00043   0.0021   -0.0071   -0.0018    0.03    
   0.00082   0.00014   0.00082   0.00022   6.8e-05  -0.00023   0.00092  -0.0031   -0.00096   0.013   
   0.0032    0.00062   0.0035    0.0012    0.00022  -0.00057   0.0057   -0.014    -0.0026    0.068   
   0.0029    0.00057   0.0032    0.0011    0.00021  -0.00056   0.0051   -0.013    -0.0025    0.06    
   0.0017    0.00034   0.0018    0.00059   0.00016  -0.00041   0.0026   -0.0068   -0.0018    0.03    
   0.00077   0.00017   0.0008    0.00026   8.3e-05  -0.00022   0.0011   -0.003    -0.00096   0.013   
   0.0033    0.00099   0.0038    0.0015    0.00033  -0.00077   0.0084   -0.017    -0.004     0.098   
   0.0027    0.00074   0.0029    0.0011    0.00031  -0.00073   0.0058   -0.013    -0.0038    0.068   
   0.0024    0.00067   0.0026    0.00095   0.00029  -0.0007    0.005    -0.011    -0.0036    0.06    
   0.0014    0.00038   0.0014    0.00048   0.00019  -0.00048   0.0024   -0.0061   -0.0024    0.03    
   0.00068   0.00018   0.00065   0.00021   8.9e-05  -0.00025   0.00099  -0.0027   -0.0012    0.013   
   0.0026    6.6e-05   0.0025    0.00018   1.2e-05  -0.00025   0.0011   -0.015    -0.0013    0.092   
   0.0024    6.1e-05   0.0023    0.00015   1.3e-05  -0.00025   0.00093  -0.014    -0.0013    0.082   
   0.0015    4.6e-05   0.0014    7.9e-05   1.3e-05  -0.00023   0.00041  -0.0077   -0.0012    0.042   
   0.0013    4.4e-05   0.0013    7.4e-05   1.3e-05  -0.00021   0.00038  -0.0069   -0.0011    0.037   
   0.00071   2.9e-05   0.00069   4.9e-05   9.5e-06  -0.00013   0.00024  -0.0034   -0.00065   0.017   
   0.0048    0.0048    0.0007   -5.4e-08  -1.7e-06  -2.1e-06   5.7e-17   0         0         1       

QM
   3.8     
   0         3.8     
   0         0         3.8     
  -0.46     -0.2       0.038     0.11    
  -0.016    -0.064    -0.5       0.0011    0.11    
   0.037     0.014    -0.019    -0.013     0.005     0.012   
  -0.066    -0.013     0.0025    0.022     0.0011   -0.0045    0.008   
  -0.0086    0.023    -0.047    -0.00096   0.016     0.0017    0.00026   0.0063  
   0.0023    0.00071  -9e-05    -0.00086  -5.2e-05   0.00025  -0.00036   2.9e-06   0.00033 
  -0.00066   0.0019   -0.0019    5.1e-06   0.00077   0.00012   7.9e-05   0.0004    2.7e-20   0.00037 
  -0.00017   0.00049  -0.00049   1.1e-06   0.00021   3.3e-05   2e-05     0.00012  -2.7e-20   5.7e-05   0.00023 
  -4.1e-05   0.00012  -0.00012   2.3e-07   5.2e-05   8.1e-06   4.8e-06   2.9e-05  -2.5e-21   1.5e-05   7.6e-06   0.0002  
   0.0021    0.00066  -8.5e-05  -0.0008   -4.9e-05   0.00025  -0.00033   3e-06                                             0.00031 
  -0.00069   0.002    -0.0017   -4.6e-05   0.00072   8.4e-05   3e-05     0.00039                                           0         0.00037 
  -0.0002    0.0006   -0.0003   -1.2e-05   0.00015   1.9e-05   8.9e-06   0.0001                                            6.1e-20   5.5e-05   0.00022 
  -5e-05     0.00016  -4e-05    -2.8e-06   2.6e-05   3.6e-06   2.3e-06   2.3e-05                                           1.4e-20   1.4e-05   7.4e-06   0.0002  
  -0.0022   -0.0005    0.00013   0.00079   3.6e-05  -0.00024   0.00032   3e-06                                                                                     0.00031 
  -0.00058   0.002    -0.0017   -0.00013   0.00071   7.3e-05  -3e-05     0.00038                                                                                  -8.1e-20   0.00037 
  -0.00016   0.00062  -0.0003   -3.8e-05   0.00015   2.1e-05  -8.9e-06   9.9e-05                                                                                   1.4e-20   5.5e-05   0.00022 
  -4e-05     0.00016  -4e-05    -9.7e-06   2.5e-05   4.9e-06  -2.3e-06   2.2e-05                                                                                   1.9e-20   1.4e-05   7.5e-06   0.0002  
  -0.0036    0.002    -0.0024    0.00073   0.001    -0.00025   0.00026   0.00045                                                                                                                           0.0005  
  -0.0019   -0.00088   0.001     0.00073  -0.0003   -0.00028   0.00026  -0.00013                                                                                                                           6.3e-05   0.00033 
  -0.0015    0.0021   -0.001     0.00015   0.00051  -4.1e-05   7.1e-05   0.00034                                                                                                                           0.00018  -1.4e-19   0.00037 
  -0.00038   0.00054  -0.00025   4.2e-05   0.00014  -1.1e-05   2.2e-05   9.8e-05                                                                                                                           5.4e-05  -1.8e-19   5.7e-05   0.00023 
  -9e-05     0.00013  -5.7e-05   1e-05     3.4e-05  -2.6e-06   5.7e-06   2.5e-05                                                                                                                           1.4e-05  -8.5e-20   1.5e-05   7.6e-06   0.0002  
   0.0011   -0.00084   0.00077  -0.00027  -0.00028   3.7e-06  -0.00014  -0.00013                                                                                                                                                                             0.00026 
   0.0015    0.0014   -0.0026   -0.00055   0.00075   0.00032  -9.6e-05   0.00023                                                                                                                                                                            -3.4e-05   0.0004  
   0.00047   0.00051  -0.00066  -0.00019   0.0002    0.0001   -3.8e-05   7.7e-05                                                                                                                                                                            -1.6e-05   7.3e-05   0.00024 
   0.00094  -0.00017   0.00053  -0.00027  -0.00021   2.8e-05  -0.00012  -7.5e-05                                                                                                                                                                             4.3e-05  -4.2e-06  -1.4e-20   0.00025 
   0.00019   2.9e-05   0.00016  -6e-05    -5.8e-05   4.3e-06  -2.4e-05  -1.7e-05                                                                                                                                                                             1e-05    -1.4e-06   1e-20     1.3e-05   0.00021 
                                                                                                                                                                                                                                                                                                               1       
                                                                                                                                                                                                                                                                                                               0         1       
                                                                                                                                                                                                                                                                                                               0         0         1       
                                                                                                                                                                                                                                                                                                               4.6e-07   0.036     1.2e-05   0.0061  
                                                                                                                                                                                                                                                                                                              -0.036     4.5e-07   5.4e-06  -5.3e-08   0.0061  
                                                                                                                                                                                                                                                                                                              -2.5e-05   4.7e-06   5.3e-09  -4.3e-07   3.7e-07   0.0007  

M
     0:  3.8     
     0:  0          1:  3.8     
     0:  0          1:  0          2:  3.8     
     0: -0.46       1: -0.2        2:  0.038      3:  0.11    
     0: -0.016      1: -0.064      2: -0.5        3:  0.0011     4:  0.11    
     0:  0.037      1:  0.014      2: -0.019      3: -0.013      4:  0.005      5:  0.012   
     0: -0.066      1: -0.013      2:  0.0025     3:  0.022      4:  0.0011     5: -0.0045     6:  0.008   
     0: -0.0086     1:  0.023      2: -0.047      3: -0.00096    4:  0.016      5:  0.0017     6:  0.00026    7:  0.0063  
     0:  0.0023     1:  0.00071    2: -9e-05      3: -0.00086    4: -5.2e-05    5:  0.00025    6: -0.00036    7:  2.9e-06    8:  0.00033 
     0: -0.00066    1:  0.0019     2: -0.0019     3:  5.1e-06    4:  0.00077    5:  0.00012    6:  7.9e-05    7:  0.0004     8:  2.7e-20    9:  0.00037 
     0: -0.00017    1:  0.00049    2: -0.00049    3:  1.1e-06    4:  0.00021    5:  3.3e-05    6:  2e-05      7:  0.00012    8: -2.7e-20    9:  5.7e-05   10:  0.00023 
     0: -4.1e-05    1:  0.00012    2: -0.00012    3:  2.3e-07    4:  5.2e-05    5:  8.1e-06    6:  4.8e-06    7:  2.9e-05    8: -2.5e-21    9:  1.5e-05   10:  7.6e-06   11:  0.0002  
     0:  0.0021     1:  0.00066    2: -8.5e-05    3: -0.0008     4: -4.9e-05    5:  0.00025    6: -0.00033    7:  3e-06     12:  0.00031 
     0: -0.00069    1:  0.002      2: -0.0017     3: -4.6e-05    4:  0.00072    5:  8.4e-05    6:  3e-05      7:  0.00039   12:  0         13:  0.00037 
     0: -0.0002     1:  0.0006     2: -0.0003     3: -1.2e-05    4:  0.00015    5:  1.9e-05    6:  8.9e-06    7:  0.0001    12:  6.1e-20   13:  5.5e-05   14:  0.00022 
     0: -5e-05      1:  0.00016    2: -4e-05      3: -2.8e-06    4:  2.6e-05    5:  3.6e-06    6:  2.3e-06    7:  2.3e-05   12:  1.4e-20   13:  1.4e-05   14:  7.4e-06   15:  0.0002  
     0: -0.0022     1: -0.0005     2:  0.00013    3:  0.00079    4:  3.6e-05    5: -0.00024    6:  0.00032    7:  3e-06     16:  0.00031 
     0: -0.00058    1:  0.002      2: -0.0017     3: -0.00013    4:  0.00071    5:  7.3e-05    6: -3e-05      7:  0.00038   16: -8.1e-20   17:  0.00037 
     0: -0.00016    1:  0.00062    2: -0.0003     3: -3.8e-05    4:  0.00015    5:  2.1e-05    6: -8.9e-06    7:  9.9e-05   16:  1.4e-20   17:  5.5e-05   18:  0.00022 
     0: -4e-05      1:  0.00016    2: -4e-05      3: -9.7e-06    4:  2.5e-05    5:  4.9e-06    6: -2.3e-06    7:  2.2e-05   16:  1.9e-20   17:  1.4e-05   18:  7.5e-06   19:  0.0002  
     0: -0.0036     1:  0.002      2: -0.0024     3:  0.00073    4:  0.001      5: -0.00025    6:  0.00026    7:  0.00045   20:  0.0005  
     0: -0.0019     1: -0.00088    2:  0.001      3:  0.00073    4: -0.0003     5: -0.00028    6:  0.00026    7: -0.00013   20:  6.3e-05   21:  0.00033 
     0: -0.0015     1:  0.0021     2: -0.001      3:  0.00015    4:  0.00051    5: -4.1e-05    6:  7.1e-05    7:  0.00034   20:  0.00018   21: -1.4e-19   22:  0.00037 
     0: -0.00038    1:  0.00054    2: -0.00025    3:  4.2e-05    4:  0.00014    5: -1.1e-05    6:  2.2e-05    7:  9.8e-05   20:  5.4e-05   21: -1.8e-19   22:  5.7e-05   23:  0.00023 
     0: -9e-05      1:  0.00013    2: -5.7e-05    3:  1e-05      4:  3.4e-05    5: -2.6e-06    6:  5.7e-06    7:  2.5e-05   20:  1.4e-05   21: -8.5e-20   22:  1.5e-05   23:  7.6e-06   24:  0.0002  
     0:  0.0011     1: -0.00084    2:  0.00077    3: -0.00027    4: -0.00028    5:  3.7e-06    6: -0.00014    7: -0.00013   25:  0.00026 
     0:  0.0015     1:  0.0014     2: -0.0026     3: -0.00055    4:  0.00075    5:  0.00032    6: -9.6e-05    7:  0.00023   25: -3.4e-05   26:  0.0004  
     0:  0.00047    1:  0.00051    2: -0.00066    3: -0.00019    4:  0.0002     5:  0.0001     6: -3.8e-05    7:  7.7e-05   25: -1.6e-05   26:  7.3e-05   27:  0.00024 
     0:  0.00094    1: -0.00017    2:  0.00053    3: -0.00027    4: -0.00021    5:  2.8e-05    6: -0.00012    7: -7.5e-05   25:  4.3e-05   26: -4.2e-06   27: -1.4e-20   28:  0.00025 
     0:  0.00019    1:  2.9e-05    2:  0.00016    3: -6e-05      4: -5.8e-05    5:  4.3e-06    6: -2.4e-05    7: -1.7e-05   25:  1e-05     26: -1.4e-06   27:  1e-20     28:  1.3e-05   29:  0.00021 
    30:  1       
    30:  0         31:  1       
    30:  0         31:  0         32:  1       
    30:  4.6e-07   31:  0.036     32:  1.2e-05   33:  0.0061  
    30: -0.036     31:  4.5e-07   32:  5.4e-06   33: -5.3e-08   34:  0.0061  
    30: -2.5e-05   31:  4.7e-06   32:  5.3e-09   33: -4.3e-07   34:  3.7e-07   35:  0.0007  

QLD
     0:  1.3     
     0: -0.3        1:  2.9     
     0:  0.16       1: -0.3        2:  1.3     
     0: -5.7        1: -3          2:  0.66       3:  0.05    
     0:  0.13       1: -1.8        2: -5.5        3:  0.038      4:  0.068   
     0:  0.09       1: -0.0077     2: -0.41       3: -0.036      4:  0.09       5:  0.0083  
     0: -8.5        1: -1.9        2:  0.49       3:  2.8        4:  0.062      5: -0.52       6:  0.0065  
     0: -1          1:  2.9        2: -8.6        3: -0.21       4:  2.9        5:  0.29       6:  0.014      7:  0.0042  
     0:  6.8        1:  2.1        2: -0.27       3: -2.6        4: -0.15       5:  0.76       6: -1.1        7:  0.0088     8:  0.00033 
     0: -1.7        1:  4.9        2: -4.9        3:  0.013      4:  2          5:  0.31       6:  0.21       7:  1          8:  9.5e-17    9:  0.00036 
     0: -0.75       1:  2.1        2: -2.1        3:  0.0048     4:  0.93       5:  0.14       6:  0.089      7:  0.51       8: -1.2e-16    9:  0.25      10:  0.00022 
     0: -0.2        1:  0.57       2: -0.57       3:  0.0011     4:  0.26       5:  0.04       6:  0.024      7:  0.14       8: -1.2e-17    9:  0.075     10:  0.037     11:  0.0002  
     0:  6.8        1:  2.1        2: -0.27       3: -2.6        4: -0.16       5:  0.78       6: -1.1        7:  0.0096    12:  0.00031 
     0: -1.8        1:  5.2        2: -4.5        3: -0.12       4:  1.9        5:  0.22       6:  0.079      7:  1         12: -4.4e-17   13:  0.00036 
     0: -0.88       1:  2.7        2: -1.3        3: -0.053      4:  0.66       5:  0.083      6:  0.039      7:  0.45      12:  2.7e-16   13:  0.24      14:  0.00022 
     0: -0.25       1:  0.77       2: -0.2        3: -0.014      4:  0.13       5:  0.018      6:  0.011      7:  0.11      12:  6.7e-17   13:  0.069     14:  0.037     15:  0.0002  
     0: -6.9        1: -1.6        2:  0.43       3:  2.5        4:  0.12       5: -0.76       6:  1          7:  0.0096    16:  0.00031 
     0: -1.5        1:  5.2        2: -4.5        3: -0.34       4:  1.9        5:  0.19       6: -0.078      7:  1         16: -2.4e-16   17:  0.00036 
     0: -0.71       1:  2.7        2: -1.3        3: -0.17       4:  0.65       5:  0.091      6: -0.039      7:  0.44      16:  5.7e-17   17:  0.24      18:  0.00022 
     0: -0.2        1:  0.79       2: -0.2        3: -0.048      4:  0.12       5:  0.024      6: -0.011      7:  0.11      16:  9.2e-17   17:  0.069     18:  0.037     19:  0.0002  
     0: -6.2        1:  2.7        2: -5.3        3:  1.3        4:  2          5: -0.45       6:  0.43       7:  0.76      20:  0.0004  
     0: -5.8        1: -2.6        2:  3.1        3:  2.2        4: -0.89       5: -0.85       6:  0.78       7: -0.39      20:  0.19      21:  0.00033 
     0: -3.8        1:  5.4        2: -2.6        3:  0.39       4:  1.3        5: -0.1        6:  0.18       7:  0.87      20:  0.47      21: -2.3e-16   22:  0.00036 
     0: -1.7        1:  2.4        2: -1.1        3:  0.18       4:  0.62       5: -0.048      6:  0.097      7:  0.43      20:  0.24      21: -8e-16     22:  0.25      23:  0.00022 
     0: -0.44       1:  0.65       2: -0.28       3:  0.05       4:  0.17       5: -0.013      6:  0.028      7:  0.12      20:  0.067     21: -4.2e-16   22:  0.075     23:  0.037     24:  0.0002  
     0:  4.4        1: -2.7        2:  1.8        3: -1.1        4: -0.73       5:  0.11       6: -0.52       7: -0.37      25:  0.00025 
     0:  3.5        1:  3.4        2: -6.4        3: -1.3        4:  1.8        5:  0.77       6: -0.23       7:  0.54      25: -0.077     26:  0.00037 
     0:  2          1:  2.2        2: -2.8        3: -0.78       4:  0.85       5:  0.43       6: -0.16       7:  0.33      25: -0.067     26:  0.31      27:  0.00024 
     0:  3.8        1: -0.7        2:  2.1        3: -1.1        4: -0.82       5:  0.11       6: -0.47       7: -0.3       25:  0.17      26: -0.017     27: -5.7e-17   28:  0.00025 
     0:  0.92       1:  0.14       2:  0.76       3: -0.29       4: -0.28       5:  0.021      6: -0.12       7: -0.085     25:  0.05      26: -0.007     27:  4.9e-17   28:  0.064     29:  0.00021 
    30:  0.81    
    30:  2.7e-06   31:  0.81    
    30:  3.2e-05   31: -6.9e-05   32:  1       
    30:  2e-05     31:  6         32:  0.002     33:  0.0061  
    30: -6         31:  7.4e-05   32:  0.00089   33: -8.8e-06   34:  0.0061  
    30: -0.036     31:  0.0067    32:  7.5e-06   33: -0.00061   34:  0.00053   35:  0.0007  

QLDIAGINV
   0.76    
   0.35    
   0.75    
   20      
   15      
   1.2e+02 
   1.5e+02 
   2.4e+02 
   3e+03   
   2.8e+03 
   4.4e+03 
   4.9e+03 
   3.2e+03 
   2.8e+03 
   4.5e+03 
   4.9e+03 
   3.2e+03 
   2.8e+03 
   4.5e+03 
   4.9e+03 
   2.5e+03 
   3e+03   
   2.8e+03 
   4.4e+03 
   4.9e+03 
   4e+03   
   2.7e+03 
   4.2e+03 
   4e+03   
   4.9e+03 
   1.2     
   1.2     
   0.98    
   1.7e+02 
   1.7e+02 
   1.4e+03 

M: inertia structure
--------------------------------------
 x                                    |
 xx                                   |
 xxx                                  |
 xxxx                                 |
 xxxxx                                |
 xxxxxx                               |
 xxxxxxx                              |
 xxxxxxxx                             |
 xxxxxxxxx                            |
 xxxxxxxxxx                           |
 xxxxxxxxxxx                          |
 xxxxxxxxxxxx                         |
 xxxxxxxx    x                        |
 xxxxxxxx    xx                       |
 xxxxxxxx    xxx                      |
 xxxxxxxx    xxxx                     |
 xxxxxxxx        x                    |
 xxxxxxxx        xx                   |
 xxxxxxxx        xxx                  |
 xxxxxxxx        xxxx                 |
 xxxxxxxx            x                |
 xxxxxxxx            xx               |
 xxxxxxxx            xxx              |
 xxxxxxxx            xxxx             |
 xxxxxxxx            xxxxx            |
 xxxxxxxx                 x           |
 xxxxxxxx                 xx          |
 xxxxxxxx                 xxx         |
 xxxxxxxx                 xxxx        |
 xxxxxxxx                 xxxxx       |
                               x      |
                               xx     |
                               xxx    |
                               xxxx   |
                               xxxxx  |
                               xxxxxx |
--------------------------------------

iM: block-diagonal inertia (nnzs are island ids)
--------------------------------------
 0                                    |
 00                                   |
 000                                  |
 0000                                 |
 00000                                |
 000000                               |
 0000000                              |
 00000000                             |
 000000000                            |
 0000000000                           |
 00000000000                          |
 000000000000                         |
 00000000    0                        |
 00000000    00                       |
 00000000    000                      |
 00000000    0000                     |
 00000000        0                    |
 00000000        00                   |
 00000000        000                  |
 00000000        0000                 |
 00000000            0                |
 00000000            00               |
 00000000            000              |
 00000000            0000             |
 00000000            00000            |
 00000000                 0           |
 00000000                 00          |
 00000000                 000         |
 00000000                 0000        |
 00000000                 00000       |
                               1      |
                               11     |
                               111    |
                               1111   |
                               11111  |
                               111111 |
--------------------------------------

QH
     0:  1.4     
     0: -0.29       1:  3       
     0:  0.14       1: -0.26       2:  1.4     
     0: -5.4        1: -2.8        2:  0.59       3:  0.056   
     0:  0.079      1: -1.5        2: -5.3        3:  0.032      4:  0.075   
     0:  0.52       1:  0.18       2: -0.67       3: -0.19       4:  0.17       5:  0.0087  
     0: -7.3        1: -1.6        2:  0.42       3:  2.4        4:  0.059      5: -0.46       6:  0.0078  
     0: -0.88       1:  2.6        2: -6.8        3: -0.17       4:  2.3        5:  0.24       6:  0.015      7:  0.0056  
     0:  5.2        1:  1.6        2: -0.21       3: -2          4: -0.12       5:  0.58       6: -0.83       7:  0.0067     8:  0.00043 
     0: -1.4        1:  3.9        2: -3.8        3:  0.01       4:  1.6        5:  0.25       6:  0.16       7:  0.82       8:  6.9e-17    9:  0.00046 
     0: -0.52       1:  1.5        2: -1.5        3:  0.0033     4:  0.65       5:  0.1        6:  0.062      7:  0.35       8: -8.3e-17    9:  0.17      10:  0.00033 
     0: -0.14       1:  0.38       2: -0.38       3:  0.00077    4:  0.17       5:  0.027      6:  0.016      7:  0.096      8: -8.4e-18    9:  0.05      10:  0.025     11:  0.0003  
     0:  5.1        1:  1.6        2: -0.21       3: -1.9        4: -0.12       5:  0.59       6: -0.81       7:  0.0073    12:  0.00041 
     0: -1.4        1:  4.1        2: -3.5        3: -0.095      4:  1.5        5:  0.18       6:  0.062      7:  0.81      12: -2.4e-17   13:  0.00046 
     0: -0.61       1:  1.8        2: -0.92       3: -0.037      4:  0.46       5:  0.058      6:  0.027      7:  0.31      12:  1.9e-16   13:  0.17      14:  0.00032 
     0: -0.17       1:  0.52       2: -0.13       3: -0.0093     4:  0.086      5:  0.012      6:  0.0076     7:  0.075     12:  4.5e-17   13:  0.046     14:  0.025     15:  0.0003  
     0: -5.2        1: -1.2        2:  0.32       3:  1.9        4:  0.088      5: -0.58       6:  0.79       7:  0.0073    16:  0.00041 
     0: -1.2        1:  4.2        2: -3.6        3: -0.27       4:  1.5        5:  0.15       6: -0.062      7:  0.79      16: -1.8e-16   17:  0.00046 
     0: -0.49       1:  1.9        2: -0.91       3: -0.12       4:  0.45       5:  0.063      6: -0.027      7:  0.3       16:  4e-17     17:  0.17      18:  0.00032 
     0: -0.13       1:  0.53       2: -0.13       3: -0.032      4:  0.084      5:  0.016      6: -0.0075     7:  0.074     16:  6.1e-17   17:  0.046     18:  0.025     19:  0.0003  
     0: -5.2        1:  2.4        2: -4.2        3:  1.1        4:  1.6        5: -0.37       6:  0.37       7:  0.64      20:  0.00052 
     0: -4.5        1: -2          2:  2.4        3:  1.7        4: -0.69       5: -0.65       6:  0.6        7: -0.3       20:  0.15      21:  0.00043 
     0: -3          1:  4.3        2: -2.1        3:  0.31       4:  1.1        5: -0.083      6:  0.14       7:  0.69      20:  0.37      21: -2.1e-16   22:  0.00046 
     0: -1.2        1:  1.7        2: -0.76       3:  0.13       4:  0.43       5: -0.033      6:  0.068      7:  0.3       20:  0.16      21: -5.6e-16   22:  0.17      23:  0.00033 
     0: -0.3        1:  0.44       2: -0.19       3:  0.034      4:  0.11       5: -0.0085     6:  0.019      7:  0.081     20:  0.045     21: -2.8e-16   22:  0.05      23:  0.025     24:  0.0003  
     0:  3.2        1: -2          2:  1.4        3: -0.78       4: -0.58       5:  0.068      6: -0.38       7: -0.28      25:  0.00035 
     0:  2.8        1:  2.7        2: -5.1        3: -1.1        4:  1.5        5:  0.62       6: -0.19       7:  0.43      25: -0.063     26:  0.00048 
     0:  1.4        1:  1.5        2: -2          3: -0.55       4:  0.6        5:  0.3        6: -0.11       7:  0.23      25: -0.047     26:  0.22      27:  0.00034 
     0:  2.7        1: -0.5        2:  1.5        3: -0.78       4: -0.59       5:  0.081      6: -0.34       7: -0.21      25:  0.12      26: -0.012     27: -4e-17     28:  0.00035 
     0:  0.62       1:  0.093      2:  0.51       3: -0.2        4: -0.19       5:  0.014      6: -0.078      7: -0.057     25:  0.033     26: -0.0047    27:  3.3e-17   28:  0.043     29:  0.00031 
    30:  0.81    
    30:  2.7e-06   31:  0.81    
    30:  3.2e-05   31: -6.9e-05   32:  1       
    30:  2e-05     31:  6         32:  0.002     33:  0.0061  
    30: -6         31:  7.4e-05   32:  0.00089   33: -8.8e-06   34:  0.0061  
    30: -0.036     31:  0.0067    32:  7.5e-06   33: -0.00061   34:  0.00053   35:  0.0007  

QHDIAGINV
   0.72    
   0.34    
   0.73    
   18      
   13      
   1.1e+02 
   1.3e+02 
   1.8e+02 
   2.3e+03 
   2.2e+03 
   3.1e+03 
   3.3e+03 
   2.4e+03 
   2.2e+03 
   3.1e+03 
   3.3e+03 
   2.4e+03 
   2.2e+03 
   3.1e+03 
   3.3e+03 
   1.9e+03 
   2.3e+03 
   2.2e+03 
   3.1e+03 
   3.3e+03 
   2.8e+03 
   2.1e+03 
   3e+03   
   2.9e+03 
   3.3e+03 
   1.2     
   1.2     
   0.98    
   1.7e+02 
   1.7e+02 
   1.4e+03 

CONTACT
  0:
     dim           3
     geoms         floor : bottle_geom
     exclude       0
     efc_address   26
     solref         0.02      1       
     solimp         0.9       0.95      0.001     0.5       2       
     dist          -0.00023 
     includemargin  0       
     pos            0.42      0.43     -0.1     
     frame          0         0         1         0         1         0        -1         0         0       
     friction       1         1         0.005     0.0001    0.0001  
     mu             0.32    
     force          5.2      -0.059    -0.0035    0         0         0       
  1:
     dim           3
     geoms         floor : bottle_geom
     exclude       0
     efc_address   29
     solref         0.02      1       
     solimp         0.9       0.95      0.001     0.5       2       
     dist          -0.0002  
     includemargin  0       
     pos            0.38      0.37     -0.1     
     frame          0         0         1         0         1         0        -1         0         0       
     friction       1         1         0.005     0.0001    0.0001  
     mu             0.32    
     force          4.9      -0.056    -0.0026    0         0         0       
  2:
     dim           3
     geoms         33 : 41
     exclude       0
     efc_address   32
     solref         0.005     1       
     solimp         0.5       0.99      0.0001    0.5       2       
     dist          -1.5e-05 
     includemargin  0       
     pos            0.4       0.24      0.15    
     frame          0.91      0.41     -0.1      -0.41      0.91      0.047     0.11      0         0.99    
     friction       1         1         0.005     0.0001    0.0001  
     mu             0.32    
     force          0.025    -0.0015    0.00091   0         0         0       

EFC_TYPE
  1
  1
  1
  1
  1
  1
  1
  1
  1
  1
  1
  1
  1
  1
  1
  1
  1
  1
  1
  1
  1
  1
  1
  1
  3
  3
  7
  7
  7
  7
  7
  7
  7
  7
  7

EFC_ID
  6
  7
  8
  9
  10
  11
  12
  13
  14
  15
  16
  17
  18
  19
  20
  21
  22
  23
  24
  25
  26
  27
  28
  29
  5
  6
  0
  0
  0
  1
  1
  1
  2
  2
  2

EFC_J
   0         0         0         0         0         0         1         0         0         0         0         0         0         0         0         0         0         0         0         0         0         0         0         0         0         0         0         0         0         0         0         0         0         0         0         0       
   0         0         0         0         0         0         0         1         0         0         0         0         0         0         0         0         0         0         0         0         0         0         0         0         0         0         0         0         0         0         0         0         0         0         0         0       
   0         0         0         0         0         0         0         0         1         0         0         0         0         0         0         0         0         0         0         0         0         0         0         0         0         0         0         0         0         0         0         0         0         0         0         0       
   0         0         0         0         0         0         0         0         0         1         0         0         0         0         0         0         0         0         0         0         0         0         0         0         0         0         0         0         0         0         0         0         0         0         0         0       
   0         0         0         0         0         0         0         0         0         0         1         0         0         0         0         0         0         0         0         0         0         0         0         0         0         0         0         0         0         0         0         0         0         0         0         0       
   0         0         0         0         0         0         0         0         0         0         0         1         0         0         0         0         0         0         0         0         0         0         0         0         0         0         0         0         0         0         0         0         0         0         0         0       
   0         0         0         0         0         0         0         0         0         0         0         0         1         0         0         0         0         0         0         0         0         0         0         0         0         0         0         0         0         0         0         0         0         0         0         0       
   0         0         0         0         0         0         0         0         0         0         0         0         0         1         0         0         0         0         0         0         0         0         0         0         0         0         0         0         0         0         0         0         0         0         0         0       
   0         0         0         0         0         0         0         0         0         0         0         0         0         0         1         0         0         0         0         0         0         0         0         0         0         0         0         0         0         0         0         0         0         0         0         0       
   0         0         0         0         0         0         0         0         0         0         0         0         0         0         0         1         0         0         0         0         0         0         0         0         0         0         0         0         0         0         0         0         0         0         0         0       
   0         0         0         0         0         0         0         0         0         0         0         0         0         0         0         0         1         0         0         0         0         0         0         0         0         0         0         0         0         0         0         0         0         0         0         0       
   0         0         0         0         0         0         0         0         0         0         0         0         0         0         0         0         0         1         0         0         0         0         0         0         0         0         0         0         0         0         0         0         0         0         0         0       
   0         0         0         0         0         0         0         0         0         0         0         0         0         0         0         0         0         0         1         0         0         0         0         0         0         0         0         0         0         0         0         0         0         0         0         0       
   0         0         0         0         0         0         0         0         0         0         0         0         0         0         0         0         0         0         0         1         0         0         0         0         0         0         0         0         0         0         0         0         0         0         0         0       
   0         0         0         0         0         0         0         0         0         0         0         0         0         0         0         0         0         0         0         0         1         0         0         0         0         0         0         0         0         0         0         0         0         0         0         0       
   0         0         0         0         0         0         0         0         0         0         0         0         0         0         0         0         0         0         0         0         0         1         0         0         0         0         0         0         0         0         0         0         0         0         0         0       
   0         0         0         0         0         0         0         0         0         0         0         0         0         0         0         0         0         0         0         0         0         0         1         0         0         0         0         0         0         0         0         0         0         0         0         0       
   0         0         0         0         0         0         0         0         0         0         0         0         0         0         0         0         0         0         0         0         0         0         0         1         0         0         0         0         0         0         0         0         0         0         0         0       
   0         0         0         0         0         0         0         0         0         0         0         0         0         0         0         0         0         0         0         0         0         0         0         0         1         0         0         0         0         0         0         0         0         0         0         0       
   0         0         0         0         0         0         0         0         0         0         0         0         0         0         0         0         0         0         0         0         0         0         0         0         0         1         0         0         0         0         0         0         0         0         0         0       
   0         0         0         0         0         0         0         0         0         0         0         0         0         0         0         0         0         0         0         0         0         0         0         0         0         0         1         0         0         0         0         0         0         0         0         0       
   0         0         0         0         0         0         0         0         0         0         0         0         0         0         0         0         0         0         0         0         0         0         0         0         0         0         0         1         0         0         0         0         0         0         0         0       
   0         0         0         0         0         0         0         0         0         0         0         0         0         0         0         0         0         0         0         0         0         0         0         0         0         0         0         0         1         0         0         0         0         0         0         0       
   0         0         0         0         0         0         0         0         0         0         0         0         0         0         0         0         0         0         0         0         0         0         0         0         0         0         0         0         0         1         0         0         0         0         0         0       
   0         0         0         0         0         0         0         0         0         0         1         0         0         0         0         0         0         0         0         0         0         0         0         0         0         0         0         0         0         0         0         0         0         0         0         0       
   0         0         0         0         0         0         0         0         0         0         0         1         0         0         0         0         0         0         0         0         0         0         0         0         0         0         0         0         0         0         0         0         0         0         0         0       
   0         0         0         0         0         0         0         0         0         0         0         0         0         0         0         0         0         0         0         0         0         0         0         0         0         0         0         0         0         0         0         0         1         0.029    -0.02      5.7e-07 
   0         0         0         0         0         0         0         0         0         0         0         0         0         0         0         0         0         0         0         0         0         0         0         0         0         0         0         0         0         0         0         1         0         0.14     -5.8e-06   0.02    
   0         0         0         0         0         0         0         0         0         0         0         0         0         0         0         0         0         0         0         0         0         0         0         0         0         0         0         0         0         0        -1         0         0        -9.9e-06   0.14      0.029   
   0         0         0         0         0         0         0         0         0         0         0         0         0         0         0         0         0         0         0         0         0         0         0         0         0         0         0         0         0         0         0         0         1        -0.028     0.022     4.3e-07 
   0         0         0         0         0         0         0         0         0         0         0         0         0         0         0         0         0         0         0         0         0         0         0         0         0         0         0         0         0         0         0         1         0         0.14      9.9e-06  -0.022   
   0         0         0         0         0         0         0         0         0         0         0         0         0         0         0         0         0         0         0         0         0         0         0         0         0         0         0         0         0         0        -1         0         0         5.9e-06   0.14     -0.028   
   0         0         0         0         0         0         0         0         0         0         0         0        -0.055    -0.0092   -0.0031    0        -0.056     0.013     0.0048    0         0         0         0         0         0         0         0         0         0         0         0         0         0         0         0         0       
   0         0         0         0         0         0         0         0         0         0         0         0        -0.0021   -0.051    -0.02      0         0.02      0.052     0.021     0         0         0         0         0         0         0         0         0         0         0         0         0         0         0         0         0       
   0         0         0         0         0         0         0         0         0         0         0         0        -0.0062    0.042     0.01      0        -0.00069  -0.046    -0.014     0         0         0         0         0         0         0         0         0         0         0         0         0         0         0         0         0       

IEFC_J
   0         0         0         0         0         0         1         0         0         0         0         0         0         0         0         0         0         0         0         0         0         0         0         0         0         0         0         0         0         0       ......... ......... ......... ......... ......... ......... 
   0         0         0         0         0         0         0         1         0         0         0         0         0         0         0         0         0         0         0         0         0         0         0         0         0         0         0         0         0         0       ......... ......... ......... ......... ......... ......... 
   0         0         0         0         0         0         0         0         1         0         0         0         0         0         0         0         0         0         0         0         0         0         0         0         0         0         0         0         0         0       ......... ......... ......... ......... ......... ......... 
   0         0         0         0         0         0         0         0         0         1         0         0         0         0         0         0         0         0         0         0         0         0         0         0         0         0         0         0         0         0       ......... ......... ......... ......... ......... ......... 
   0         0         0         0         0         0         0         0         0         0         1         0         0         0         0         0         0         0         0         0         0         0         0         0         0         0         0         0         0         0       ......... ......... ......... ......... ......... ......... 
   0         0         0         0         0         0         0         0         0         0         0         1         0         0         0         0         0         0         0         0         0         0         0         0         0         0         0         0         0         0       ......... ......... ......... ......... ......... ......... 
   0         0         0         0         0         0         0         0         0         0         0         0         1         0         0         0         0         0         0         0         0         0         0         0         0         0         0         0         0         0       ......... ......... ......... ......... ......... ......... 
   0         0         0         0         0         0         0         0         0         0         0         0         0         1         0         0         0         0         0         0         0         0         0         0         0         0         0         0         0         0       ......... ......... ......... ......... ......... ......... 
   0         0         0         0         0         0         0         0         0         0         0         0         0         0         1         0         0         0         0         0         0         0         0         0         0         0         0         0         0         0       ......... ......... ......... ......... ......... ......... 
   0         0         0         0         0         0         0         0         0         0         0         0         0         0         0         1         0         0         0         0         0         0         0         0         0         0         0         0         0         0       ......... ......... ......... ......... ......... ......... 
   0         0         0         0         0         0         0         0         0         0         0         0         0         0         0         0         1         0         0         0         0         0         0         0         0         0         0         0         0         0       ......... ......... ......... ......... ......... ......... 
   0         0         0         0         0         0         0         0         0         0         0         0         0         0         0         0         0         1         0         0         0         0         0         0         0         0         0         0         0         0       ......... ......... ......... ......... ......... ......... 
   0         0         0         0         0         0         0         0         0         0         0         0         0         0         0         0         0         0         1         0         0         0         0         0         0         0         0         0         0         0       ......... ......... ......... ......... ......... ......... 
   0         0         0         0         0         0         0         0         0         0         0         0         0         0         0         0         0         0         0         1         0         0         0         0         0         0         0         0         0         0       ......... ......... ......... ......... ......... ......... 
   0         0         0         0         0         0         0         0         0         0         0         0         0         0         0         0         0         0         0         0         1         0         0         0         0         0         0         0         0         0       ......... ......... ......... ......... ......... ......... 
   0         0         0         0         0         0         0         0         0         0         0         0         0         0         0         0         0         0         0         0         0         1         0         0         0         0         0         0         0         0       ......... ......... ......... ......... ......... ......... 
   0         0         0         0         0         0         0         0         0         0         0         0         0         0         0         0         0         0         0         0         0         0         1         0         0         0         0         0         0         0       ......... ......... ......... ......... ......... ......... 
   0         0         0         0         0         0         0         0         0         0         0         0         0         0         0         0         0         0         0         0         0         0         0         1         0         0         0         0         0         0       ......... ......... ......... ......... ......... ......... 
   0         0         0         0         0         0         0         0         0         0         0         0         0         0         0         0         0         0         0         0         0         0         0         0         1         0         0         0         0         0       ......... ......... ......... ......... ......... ......... 
   0         0         0         0         0         0         0         0         0         0         0         0         0         0         0         0         0         0         0         0         0         0         0         0         0         1         0         0         0         0       ......... ......... ......... ......... ......... ......... 
   0         0         0         0         0         0         0         0         0         0         0         0         0         0         0         0         0         0         0         0         0         0         0         0         0         0         1         0         0         0       ......... ......... ......... ......... ......... ......... 
   0         0         0         0         0         0         0         0         0         0         0         0         0         0         0         0         0         0         0         0         0         0         0         0         0         0         0         1         0         0       ......... ......... ......... ......... ......... ......... 
   0         0         0         0         0         0         0         0         0         0         0         0         0         0         0         0         0         0         0         0         0         0         0         0         0         0         0         0         1         0       ......... ......... ......... ......... ......... ......... 
   0         0         0         0         0         0         0         0         0         0         0         0         0         0         0         0         0         0         0         0         0         0         0         0         0         0         0         0         0         1       ......... ......... ......... ......... ......... ......... 
   0         0         0         0         0         0         0         0         0         0         1         0         0         0         0         0         0         0         0         0         0         0         0         0         0         0         0         0         0         0       ......... ......... ......... ......... ......... ......... 
   0         0         0         0         0         0         0         0         0         0         0         1         0         0         0         0         0         0         0         0         0         0         0         0         0         0         0         0         0         0       ......... ......... ......... ......... ......... ......... 
   0         0         0         0         0         0         0         0         0         0         0         0        -0.055    -0.0092   -0.0031    0        -0.056     0.013     0.0048    0         0         0         0         0         0         0         0         0         0         0       ......... ......... ......... ......... ......... ......... 
   0         0         0         0         0         0         0         0         0         0         0         0        -0.0021   -0.051    -0.02      0         0.02      0.052     0.021     0         0         0         0         0         0         0         0         0         0         0       ......... ......... ......... ......... ......... ......... 
   0         0         0         0         0         0         0         0         0         0         0         0        -0.0062    0.042     0.01      0        -0.00069  -0.046    -0.014     0         0         0         0         0         0         0         0         0         0         0       ......... ......... ......... ......... ......... ......... 
 ......... ......... ......... ......... ......... ......... ......... ......... ......... ......... ......... ......... ......... ......... ......... ......... ......... ......... ......... ......... ......... ......... ......... ......... ......... ......... ......... ......... ......... .........   0         0         1         0.029    -0.02      5.7e-07 
 ......... ......... ......... ......... ......... ......... ......... ......... ......... ......... ......... ......... ......... ......... ......... ......... ......... ......... ......... ......... ......... ......... ......... ......... ......... ......... ......... ......... ......... .........   0         1         0         0.14     -5.8e-06   0.02    
 ......... ......... ......... ......... ......... ......... ......... ......... ......... ......... ......... ......... ......... ......... ......... ......... ......... ......... ......... ......... ......... ......... ......... ......... ......... ......... ......... ......... ......... .........  -1         0         0        -9.9e-06   0.14      0.029   
 ......... ......... ......... ......... ......... ......... ......... ......... ......... ......... ......... ......... ......... ......... ......... ......... ......... ......... ......... ......... ......... ......... ......... ......... ......... ......... ......... ......... ......... .........   0         0         1        -0.028     0.022     4.3e-07 
 ......... ......... ......... ......... ......... ......... ......... ......... ......... ......... ......... ......... ......... ......... ......... ......... ......... ......... ......... ......... ......... ......... ......... ......... ......... ......... ......... ......... ......... .........   0         1         0         0.14      9.9e-06  -0.022   
 ......... ......... ......... ......... ......... ......... ......... ......... ......... ......... ......... ......... ......... ......... ......... ......... ......... ......... ......... ......... ......... ......... ......... ......... ......... ......... ......... ......... ......... .........  -1         0         0         5.9e-06   0.14     -0.028   

EFC_POS
   0       
   0       
   0       
   0       
   0       
   0       
   0       
   0       
   0       
   0       
   0       
   0       
   0       
   0       
   0       
   0       
   0       
   0       
   0       
   0       
   0       
   0       
   0       
   0       
  -2.3e-09 
  -3.8e-10 
  -0.00023 
   0       
   0       
  -0.0002  
   0       
   0       
  -1.5e-05 
   0       
   0       

EFC_MARGIN
   0       
   0       
   0       
   0       
   0       
   0       
   0       
   0       
   0       
   0       
   0       
   0       
   0       
   0       
   0       
   0       
   0       
   0       
   0       
   0       
   0       
   0       
   0       
   0       
   0       
   0       
   0       
   0       
   0       
   0       
   0       
   0       
   0       
   0       
   0       

EFC_FRICTIONLOSS
   0.01    
   0.01    
   0.01    
   0.01    
   0.01    
   0.01    
   0.01    
   0.01    
   0.01    
   0.01    
   0.01    
   0.01    
   0.01    
   0.01    
   0.01    
   0.01    
   0.01    
   0.01    
   0.01    
   0.01    
   0.01    
   0.01    
   0.01    
   0.01    
   0       
   0       
   0       
   0       
   0       
   0       
   0       
   0       
   0       
   0       
   0       

EFC_DIAGAPPROX
   3.1e+02 
   5e+02   
   2.9e+03 
   3.1e+03 
   4.6e+03 
   4.9e+03 
   2.9e+03 
   3.1e+03 
   4.6e+03 
   4.9e+03 
   2.9e+03 
   3.1e+03 
   4.6e+03 
   4.9e+03 
   2.9e+03 
   2.9e+03 
   3.6e+03 
   4.7e+03 
   4.9e+03 
   4.9e+03 
   2.7e+03 
   4.4e+03 
   4.1e+03 
   4.9e+03 
   4.6e+03 
   4.9e+03 
   0.98    
   0.098   
   0.098   
   0.98    
   0.098   
   0.098   
   14      
   1.4     
   1.4     

EFC_KBIP
   0         1.1e+02   0.9       0       
   0         1.1e+02   0.9       0       
   0         1.1e+02   0.9       0       
   0         1.1e+02   0.9       0       
   0         1.1e+02   0.9       0       
   0         1.1e+02   0.9       0       
   0         1.1e+02   0.9       0       
   0         1.1e+02   0.9       0       
   0         1.1e+02   0.9       0       
   0         1.1e+02   0.9       0       
   0         1.1e+02   0.9       0       
   0         1.1e+02   0.9       0       
   0         1.1e+02   0.9       0       
   0         1.1e+02   0.9       0       
   0         1.1e+02   0.9       0       
   0         1.1e+02   0.9       0       
   0         1.1e+02   0.9       0       
   0         1.1e+02   0.9       0       
   0         1.1e+02   0.9       0       
   0         1.1e+02   0.9       0       
   0         1.1e+02   0.9       0       
   0         1.1e+02   0.9       0       
   0         1.1e+02   0.9       0       
   0         1.1e+02   0.9       0       
   2.8e+03   1.1e+02   0.9      -0.00046 
   2.8e+03   1.1e+02   0.9      -7.6e-05 
   2.8e+03   1.1e+02   0.91     -47      
   0         1.1e+02   0.91     -47      
   0         1.1e+02   0.91     -47      
   2.8e+03   1.1e+02   0.9      -40      
   0         1.1e+02   0.9      -40      
   0         1.1e+02   0.9      -40      
   4.1e+04   4e+02     0.52     -3e+03   
   0         4e+02     0.52     -3e+03   
   0         4e+02     0.52     -3e+03   

EFC_D
   0.029   
   0.018   
   0.0031  
   0.0029  
   0.0019  
   0.0018  
   0.0031  
   0.0029  
   0.0019  
   0.0018  
   0.0031  
   0.0029  
   0.0019  
   0.0018  
   0.0031  
   0.0031  
   0.0025  
   0.0019  
   0.0018  
   0.0019  
   0.0033  
   0.0021  
   0.0022  
   0.0018  
   0.0019  
   0.0018  
   9.8     
   98      
   98      
   9.6     
   96      
   96      
   0.077   
   0.77    
   0.77    

EFC_R
   35      
   56      
   3.2e+02 
   3.5e+02 
   5.2e+02 
   5.5e+02 
   3.2e+02 
   3.5e+02 
   5.2e+02 
   5.5e+02 
   3.2e+02 
   3.5e+02 
   5.2e+02 
   5.5e+02 
   3.2e+02 
   3.2e+02 
   4e+02   
   5.2e+02 
   5.5e+02 
   5.4e+02 
   3e+02   
   4.8e+02 
   4.5e+02 
   5.4e+02 
   5.2e+02 
   5.5e+02 
   0.1     
   0.01    
   0.01    
   0.1     
   0.01    
   0.01    
   13      
   1.3     
   1.3     

TEN_VELOCITY
   4.8e-12 
   3e-07   
  -5e-07   
  -7.6e-11 

ACTUATOR_VELOCITY
  -9.3e-11 
   3.8e-11 
  -3.8e-10 
   1.6e-10 
   9e-11   
  -5.4e-11 
  -1.2e-11 
   4.5e-12 
   1.2e-10 
   4.8e-12 
   7.8e-06 
   9.4e-07 
   3e-07   
   8.1e-06 
  -1.4e-06 
  -5e-07   
  -3.8e-10 
   1e-11   
  -2.4e-10 
  -7.6e-11 

CVEL
   0         0         0         0         0         0       
  -0.0085    0.011    -0.0086    0.031    -0.027    -1.4e+02 
  -0.0085    0.011    -0.0086    0.031    -0.027    -1.4e+02 
  -0.0085    0.011    -0.0086    0.031    -0.027    -1.4e+02 
  -0.0085    0.011    -0.0086    0.031    -0.027    -1.4e+02 
  -0.0085    0.011    -0.0086    0.031    -0.027    -1.4e+02 
  -0.0085    0.011    -0.0086    0.031    -0.027    -1.4e+02 
  -0.0085    0.011    -0.0086    0.031    -0.027    -1.4e+02 
  -0.0085    0.011    -0.0086    0.031    -0.027    -1.4e+02 
  -0.0085    0.011    -0.0086    0.031    -0.027    -1.4e+02 
  -0.0085    0.011    -0.0086    0.031    -0.027    -1.4e+02 
  -0.0085    0.011    -0.0086    0.031    -0.027    -1.4e+02 
  -0.0085    0.011    -0.0086    0.031    -0.027    -1.4e+02 
  -0.0085    0.011    -0.0086    0.031    -0.027    -1.4e+02 
  -0.0083    0.011    -0.0086    0.031    -0.027    -1.4e+02 
  -0.0085    0.011    -0.0086    0.031    -0.027    -1.4e+02 
  -0.0085    0.011    -0.0086    0.031    -0.027    -1.4e+02 
  -0.0085    0.011    -0.0086    0.031    -0.027    -1.4e+02 
  -0.0085    0.011    -0.0086    0.031    -0.027    -1.4e+02 
  -0.0085    0.011    -0.0086    0.031    -0.027    -1.4e+02 
  -0.0085    0.011    -0.0086    0.031    -0.027    -1.4e+02 
  -0.0085    0.011    -0.0086    0.031    -0.027    -1.4e+02 
  -0.0085    0.011    -0.0086    0.031    -0.027    -1.4e+02 
  -0.0085    0.011    -0.0086    0.031    -0.027    -1.4e+02 
  -0.0085    0.011    -0.0086    0.031    -0.027    -1.4e+02 
  -0.0085    0.011    -0.0086    0.031    -0.027    -1.4e+02 
   0.026     0.036    -1.1e-06   0.0038   -0.0028   -0.00011 

CDOF_DOT
   0         0         0         0         0         0       
   0         0         0         0         0         0       
   0         0         0         0         0         0       
   0         0        -0        -28       -0.5      -0.0062  
  -0         0         0         59       -1.3e+02   0.037   
   0         0        -0        -1.2e+02  -60       -0.017   
  -0.013    -0.0083    0.0016   -28       -0.5      -0.0071  
   0.0017   -0.0087   -0.013     37       -1.4e+02   0.034   
   0.0086    0.0071    0.00089  -38       -17       -0.0025  
   0.0021   -0.0085   -0.013     42       -1.3e+02   0.034   
   0.0021   -0.0085   -0.013     42       -1.3e+02   0.035   
   0.0021   -0.0085   -0.013     42       -1.3e+02   0.035   
   0.0086    0.0071    0.00089  -38       -17       -0.0023  
   0.0021   -0.0085   -0.013     42       -1.3e+02   0.034   
   0.0021   -0.0085   -0.013     42       -1.3e+02   0.035   
   0.0021   -0.0085   -0.013     42       -1.3e+02   0.035   
  -0.0086   -0.0071   -0.00089   38        17        0.0023  
   0.0013   -0.0089   -0.013     32       -1.4e+02   0.033   
   0.0013   -0.0089   -0.013     32       -1.4e+02   0.033   
   0.0013   -0.0089   -0.013     32       -1.4e+02   0.033   
   0.01     -0.0013   -0.012     1.3e+02  -50        0.038   
  -0.0049   -0.0013    0.0031    55        79       -0.0053  
  -0.0018   -0.011    -0.012     52       -1.1e+02   0.032   
  -0.0018   -0.011    -0.012     52       -1.1e+02   0.032   
  -0.0018   -0.011    -0.012     52       -1.1e+02   0.032   
  -0.0092    0.003     0.013    -1.2e+02   72       -0.04    
  -0.0028   -0.0057   -0.0048   -76       -1.2e+02   0.0057  
  -0.0028   -0.0057   -0.0048   -76       -1.2e+02   0.006   
   0.0032    0.01      0.01     -75        68       -0.028   
   0.0032    0.01      0.01     -75        68       -0.028   
   0         0         0         0         0         0       
   0         0         0         0         0         0       
   0         0         0         0         0         0       
   0         0        -0         1e-06    -0.00011   0.0037  
  -0         0         0         0.00011   1.9e-06   0.0051  
   0         0         0        -0.0037   -0.0051    2.9e-06 

QFRC_BIAS
   7.2e-06 
   4.3e-05 
   37      
   0.38    
  -4.9     
  -0.19    
   0.024   
  -0.46    
  -0.00088 
  -0.018   
  -0.0048  
  -0.0011  
  -0.00084 
  -0.017   
  -0.0029  
  -0.00039 
   0.0013  
  -0.017   
  -0.0029  
  -0.0004  
  -0.024   
   0.01    
  -0.0098  
  -0.0024  
  -0.00056 
   0.0075  
  -0.025   
  -0.0065  
   0.0052  
   0.0015  
   1.9e-08 
  -1.2e-08 
   10      
   0.00012 
   5.3e-05 
   5.2e-08 

QFRC_SPRING
   0       
   0       
   0       
   0       
   0       
   0       
   0       
   0       
   0       
   0       
   0       
   0       
   0       
   0       
   0       
   0       
   0       
   0       
   0       
   0       
   0       
   0       
   0       
   0       
   0       
   0       
   0       
   0       
   0       
   0       
   0       
   0       
   0       
   0       
   0       
   0       

QFRC_DAMPER
   0       
   0       
   0       
   0       
   0       
   0       
   4.7e-11 
  -1.9e-11 
  -2.2e-13 
  -6e-12   
  -2.2e-13 
  -2.4e-14 
  -3.9e-07 
  -4.7e-08 
   3.9e-06 
  -3.9e-06 
  -4e-07   
   7e-08   
  -7.6e-06 
   7.6e-06 
   1.9e-11 
  -5e-13   
   1.2e-11 
   1.5e-09 
  -1.4e-09 
   1.9e-11 
  -8.2e-12 
  -4.5e-12 
   2.7e-12 
   6.1e-13 
   0       
   0       
   0       
   0       
   0       
   0       

QFRC_GRAVCOMP
   0       
   0       
   0       
   0       
   0       
   0       
   0       
   0       
   0       
   0       
   0       
   0       
   0       
   0       
   0       
   0       
   0       
   0       
   0       
   0       
   0       
   0       
   0       
   0       
   0       
   0       
   0       
   0       
   0       
   0       
   0       
   0       
   0       
   0       
   0       
   0       

QFRC_FLUID
   0       
   0       
   0       
   0       
   0       
   0       
   0       
   0       
   0       
   0       
   0       
   0       
   0       
   0       
   0       
   0       
   0       
   0       
   0       
   0       
   0       
   0       
   0       
   0       
   0       
   0       
   0       
   0       
   0       
   0       
   0       
   0       
   0       
   0       
   0       
   0       

QFRC_PASSIVE
   0       
   0       
   0       
   0       
   0       
   0       
   4.7e-11 
  -1.9e-11 
  -2.2e-13 
  -6e-12   
  -2.2e-13 
  -2.4e-14 
  -3.9e-07 
  -4.7e-08 
   3.9e-06 
  -3.9e-06 
  -4e-07   
   7e-08   
  -7.6e-06 
   7.6e-06 
   1.9e-11 
  -5e-13   
   1.2e-11 
   1.5e-09 
  -1.4e-09 
   1.9e-11 
  -8.2e-12 
  -4.5e-12 
   2.7e-12 
   6.1e-13 
   0       
   0       
   0       
   0       
   0       
   0       

EFC_VEL
  -9.3e-11 
   3.8e-11 
   4.5e-12 
   1.2e-10 
   4.3e-12 
   4.8e-13 
   7.8e-06 
   9.4e-07 
  -7.9e-05 
   7.9e-05 
   8.1e-06 
  -1.4e-06 
   0.00015 
  -0.00015 
  -3.8e-10 
   1e-11   
  -2.4e-10 
  -2.9e-08 
   2.9e-08 
  -3.8e-10 
   1.6e-10 
   9e-11   
  -5.4e-11 
  -1.2e-11 
   4.3e-12 
   4.8e-13 
  -7e-05   
   1.1e-05 
   1.7e-05 
  -5.5e-05 
   1.1e-05 
   1.6e-05 
   6.9e-08 
   4.7e-06 
  -2.9e-06 

EFC_AREF
   9.8e-09 
  -4e-09   
  -4.7e-10 
  -1.3e-08 
  -4.6e-10 
  -5e-11   
  -0.00082 
  -9.9e-05 
   0.0083  
  -0.0083  
  -0.00085 
   0.00015 
  -0.016   
   0.016   
   4e-08   
  -1.1e-09 
   2.6e-08 
   3.1e-06 
  -3e-06   
   4e-08   
  -1.7e-08 
  -9.5e-09 
   5.7e-09 
   1.3e-09 
   5.7e-06 
   9.5e-07 
   0.59    
  -0.0012  
  -0.0018  
   0.51    
  -0.0012  
  -0.0017  
   0.32    
  -0.0019  
   0.0012  

SUBTREE_LINVEL
   0         0         0       
   0         0         0       
   0         0         0       
   0         0         0       
   0         0         0       
   0         0         0       
   0         0         0       
   0         0         0       
   0         0         0       
   0         0         0       
   0         0         0       
   0         0         0       
   0         0         0       
   0         0         0       
   0         0         0       
   0         0         0       
   0         0         0       
   0         0         0       
   0         0         0       
   0         0         0       
   0         0         0       
   0         0         0       
   0         0         0       
   0         0         0       
   0         0         0       
   0         0         0       
   0         0         0       

SUBTREE_ANGMOM
   0         0         0       
   0         0         0       
   0         0         0       
   0         0         0       
   0         0         0       
   0         0         0       
   0         0         0       
   0         0         0       
   0         0         0       
   0         0         0       
   0         0         0       
   0         0         0       
   0         0         0       
   0         0         0       
   0         0         0       
   0         0         0       
   0         0         0       
   0         0         0       
   0         0         0       
   0         0         0       
   0         0         0       
   0         0         0       
   0         0         0       
   0         0         0       
   0         0         0       
   0         0         0       
   0         0         0       

ACTUATOR_FORCE
   8.2e-08 
   2.1e-07 
  -1.4e-08 
   3.2e-08 
   1.3e-08 
   3.3e-09 
   3.2e-09 
   2e-08   
   4.6e-08 
   1.3e-09 
   0.0014  
   0.00011 
   1.9e-05 
   0.0014  
  -0.00019 
  -3.7e-05 
   6.4e-08 
   1.9e-08 
   6.6e-08 
   1.2e-08 

QFRC_ACTUATOR
   0       
   0       
   0       
   0       
   0       
   0       
   8.2e-08 
   2.1e-07 
   2e-08   
   4.6e-08 
   1.3e-09 
   1.3e-09 
   0.0014  
   0.00011 
   1.9e-05 
   1.9e-05 
   0.0014  
  -0.00019 
  -3.7e-05 
  -3.7e-05 
   6.4e-08 
   1.9e-08 
   6.6e-08 
   1.2e-08 
   1.2e-08 
  -1.4e-08 
   3.2e-08 
   1.3e-08 
   3.3e-09 
   3.2e-09 
   0       
   0       
   0       
   0       
   0       
   0       

QFRC_SMOOTH
  -7.2e-06 
  -4.3e-05 
  -37      
  -0.38    
   4.9     
   0.19    
  -0.024   
   0.46    
   0.00088 
   0.018   
   0.0048  
   0.0011  
   0.0022  
   0.017   
   0.0029  
   0.00041 
   9.4e-05 
   0.016   
   0.0029  
   0.00037 
   0.024   
  -0.01    
   0.0098  
   0.0024  
   0.00056 
  -0.0075  
   0.025   
   0.0065  
  -0.0052  
  -0.0015  
  -1.9e-08 
   1.2e-08 
  -10      
  -0.00012 
  -5.3e-05 
  -5.2e-08 

QACC_SMOOTH
   4.5e-05 
  -7.8e-05 
  -9.8     
   0.00015 
   0.0011  
  -0.001   
  -0.0075  
   0.011   
  -0.0071  
  -0.011   
  -0.0028  
  -0.00065 
   4.3     
   0.29    
   0.025   
   0.052   
   4.5     
  -0.52    
  -0.073   
  -0.11    
  -0.007   
   0.011   
  -0.0058  
  -0.0014  
  -0.00027 
   0.00069 
  -0.0079  
  -0.0024  
   0.00024 
   0.00021 
  -4.1e-08 
  -1.9e-08 
  -9.8     
   8.6e-07 
  -6.2e-07 
  -7.1e-07 

EFC_B
  -0.0075  
   0.011   
  -0.0071  
  -0.011   
  -0.0028  
  -0.00065 
   4.3     
   0.29    
   0.016   
   0.061   
   4.5     
  -0.52    
  -0.057   
  -0.12    
  -0.007   
   0.011   
  -0.0058  
  -0.0014  
  -0.00026 
   0.00069 
  -0.0079  
  -0.0024  
   0.00024 
   0.00021 
  -0.0028  
  -0.00065 
  -10      
   0.0012  
   0.0018  
  -10      
   0.0012  
   0.0017  
  -0.82    
   0.038   
   0.0063  

EFC_FORCE
   2.8e-10 
  -1.1e-10 
   2.7e-13 
  -3.2e-11 
  -1.1e-13 
   7.8e-14 
  -2.5e-06 
  -2.8e-07 
   1.6e-05 
  -1.5e-05 
  -2.6e-06 
   4.2e-07 
  -3.1e-05 
   2.9e-05 
   1.3e-10 
  -7e-12   
   6.7e-11 
   5.9e-09 
  -5.6e-09 
   7.4e-11 
  -5.4e-11 
  -1.9e-11 
   1.2e-11 
   2.3e-12 
   1.1e-08 
   1.7e-09 
   5.2     
  -0.059   
  -0.0035  
   4.9     
  -0.056   
  -0.0026  
   0.025   
  -0.0015  
   0.00091 

EFC_STATE
  1
  1
  1
  1
  1
  1
  3
  1
  1
  1
  3
  1
  1
  1
  1
  1
  1
  1
  1
  1
  1
  1
  1
  1
  1
  1
  1
  1
  1
  1
  1
  1
  1
  1
  1

QFRC_CONSTRAINT
   0       
   0       
   0       
   0       
   0       
   0       
   2.8e-10 
  -1.1e-10 
   2.7e-13 
  -3.2e-11 
   1.1e-08 
   1.7e-09 
  -0.0014  
  -0.00011 
  -2.3e-05 
  -1.5e-05 
  -0.0014  
   0.00019 
   4.4e-05 
   2.9e-05 
   1.3e-10 
  -7e-12   
   6.7e-11 
   5.9e-09 
  -5.6e-09 
   7.4e-11 
  -5.4e-11 
  -1.9e-11 
   1.2e-11 
   2.3e-12 
   0.0061  
  -0.11    
   10      
   0.001   
   2.6e-05 
  -1.6e-06 

QFRC_INVERSE
   0       
   0       
   0       
   0       
   0       
   0       
   0       
   0       
   0       
   0       
   0       
   0       
   0       
   0       
   0       
   0       
   0       
   0       
   0       
   0       
   0       
   0       
   0       
   0       
   0       
   0       
   0       
   0       
   0       
   0       
   0       
   0       
   0       
   0       
   0       
   0       

CACC
   0         0         0         0         0         0       
   0         0         0         0         0         0       
   0         0         0         0         0         0       
   0         0         0         0         0         0       
   0         0         0         0         0         0       
   0         0         0         0         0         0       
   0         0         0         0         0         0       
   0         0         0         0         0         0       
   0         0         0         0         0         0       
   0         0         0         0         0         0       
   0         0         0         0         0         0       
   0         0         0         0         0         0       
   0         0         0         0         0         0       
   0         0         0         0         0         0       
   0         0         0         0         0         0       
   0         0         0         0         0         0       
   0         0         0         0         0         0       
   0         0         0         0         0         0       
   0         0         0         0         0         0       
   0         0         0         0         0         0       
   0         0         0         0         0         0       
   0         0         0         0         0         0       
   0         0         0         0         0         0       
   0         0         0         0         0         0       
   0         0         0         0         0         0       
   0         0         0         0         0         0       
   0         0         0         0         0         0       

CFRC_INT
   0         0         0         0         0         0       
   0         0         0         0         0         0       
   0         0         0         0         0         0       
   0         0         0         0         0         0       
   0         0         0         0         0         0       
   0         0         0         0         0         0       
   0         0         0         0         0         0       
   0         0         0         0         0         0       
   0         0         0         0         0         0       
   0         0         0         0         0         0       
   0         0         0         0         0         0       
   0         0         0         0         0         0       
   0         0         0         0         0         0       
   0         0         0         0         0         0       
   0         0         0         0         0         0       
   0         0         0         0         0         0       
   0         0         0         0         0         0       
   0         0         0         0         0         0       
   0         0         0         0         0         0       
   0         0         0         0         0         0       
   0         0         0         0         0         0       
   0         0         0         0         0         0       
   0         0         0         0         0         0       
   0         0         0         0         0         0       
   0         0         0         0         0         0       
   0         0         0         0         0         0       
   0         0         0         0         0         0       

CFRC_EXT
   0         0         0         0         0         0       
   0         0         0         0         0         0       
   0         0         0         0         0         0       
   0         0         0         0         0         0       
   0         0         0         0         0         0       
   0         0         0         0         0         0       
   0         0         0         0         0         0       
   0         0         0         0         0         0       
   0         0         0         0         0         0       
   0         0         0         0         0         0       
   0         0         0         0         0         0       
   0         0         0         0         0         0       
   0         0         0         0         0         0       
   0         0         0         0         0         0       
   0         0         0         0         0         0       
   0         0         0         0         0         0       
   0         0         0         0         0         0       
   0         0         0         0         0         0       
   0         0         0         0         0         0       
   0         0         0         0         0         0       
   0         0         0         0         0         0       
   0         0         0         0         0         0       
   0         0         0         0         0         0       
   0         0         0         0         0         0       
   0         0         0         0         0         0       
   0         0         0         0         0         0       
   0         0         0         0         0         0       

DOF_ISLAND            0 0 0 0 0 0 0 0 0 0 0 0 0 0 0 0 0 0 0 0 0 0 0 0 0 0 0 0 0 0 1 1 1 1 1 1

ISLAND_NV             30 6

ISLAND_IDOFADR        0 30

MAP_IDOF2DOF          0 1 2 3 4 5 6 7 8 9 10 11 12 13 14 15 16 17 18 19 20 21 22 23 24 25 26 27 28 29 | 30 31 32 33 34 35

EFC_ISLAND            0 0 0 0 0 0 0 0 0 0 0 0 0 0 0 0 0 0 0 0 0 0 0 0 0 0 1 1 1 1 1 1 0 0 0

ISLAND_NEFC           29 6

ISLAND_IEFCADR        0 29

MAP_IEFC2EFC          0 1 2 3 4 5 6 7 8 9 10 11 12 13 14 15 16 17 18 19 20 21 22 23 24 25 32 33 34 | 26 27 28 29 30 31

TENDON_EFCADR         -1 -1 -1 -1

